Item_Identifier,Outlet_Identifier,Item_Outlet_Sales
FDW58,OUT049,2449.9220666666665
FDW14,OUT017,1437.6101555555556
NCN55,OUT010,345.55019999999996
FDQ58,OUT017,1991.5557555555558
FDY38,OUT027,6029.262866666667
FDH56,OUT046,2144.763733333333
FDL48,OUT018,1620.0393555555556
FDC48,OUT027,1754.1610666666666
FDN33,OUT045,1615.2308000000003
FDA36,OUT017,2471.745511111111
FDT44,OUT017,2047.8528444444444
FDQ56,OUT045,1108.7789333333333
NCC54,OUT019,463.0269111111111
FDU11,OUT049,2828.6882888888886
DRL59,OUT013,1050.3364888888889
FDM24,OUT049,3304.4393777777777
FDI57,OUT045,1996.2163555555558
DRC12,OUT018,2905.5512
NCM42,OUT027,2585.375377777778
FDA46,OUT010,506.5998222222222
FDA31,OUT013,2757.3737111111113
NCJ31,OUT035,2529.5961333333335
FDG52,OUT046,1921.424822222222
NCL19,OUT019,272.23822222222225
FDS10,OUT035,3098.559222222222
FDX22,OUT010,471.97822222222226
NCF19,OUT035,1194.2232666666666
NCE06,OUT046,2754.636533333333
DRC27,OUT046,3667.0784444444444
FDE21,OUT035,2332.2974
NCR42,OUT019,186.64593333333335
FDX51,OUT018,2577.9776
NCR06,OUT018,906.6716444444445
FDU31,OUT027,5851.568244444444
FDU59,OUT017,1957.6739333333333
FDR03,OUT027,5878.866044444444
FDS49,OUT027,2556.967911111111
FDD48,OUT010,211.87235555555557
NCF18,OUT017,3282.2460444444446
NCD43,OUT027,2123.0142666666666
NCD54,OUT018,2035.276622222222
FDY19,OUT010,206.54595555555557
NCY54,OUT017,1932.2995555555551
NCL19,OUT018,2113.323177777778
FDP23,OUT010,461.9172444444444
FDC26,OUT013,2057.9878
FDR14,OUT010,243.01700000000002
NCS41,OUT035,3080.2127333333333
FDF41,OUT035,4299.4404888888885
FDU34,OUT046,1997.1040888888883
DRH11,OUT046,1202.2868444444443
FDM03,OUT013,1562.1147555555553
FDS31,OUT017,3666.7085555555554
FDJ20,OUT017,1480.6652222222222
FDV44,OUT027,4805.818377777778
FDG02,OUT049,2258.9114444444444
FDA09,OUT013,3617.4393555555557
FDT04,OUT013,1152.2778666666666
FDL58,OUT019,512.370088888889
FDE52,OUT045,1024.7401777777775
FDW12,OUT035,2656.7639333333336
FDL51,OUT017,2965.4732
NCY42,OUT027,3667.1524222222224
FDR07,OUT017,1581.7188666666668
FDN40,OUT045,1899.379444444444
FDB35,OUT027,2605.4233555555556
FDA22,OUT017,3131.627288888889
NCL06,OUT046,2902.2961777777778
FDI35,OUT013,2459.761111111111
NCW42,OUT045,3211.005444444445
NCX06,OUT049,3151.2314
FDC37,OUT027,2253.733
FDZ14,OUT018,1282.0348888888889
DRG49,OUT049,3630.6074000000003
NCG06,OUT045,3388.922
DRC36,OUT045,2063.536133333333
FDV21,OUT019,301.5334222222222
FDB53,OUT046,2525.971222222222
DRP47,OUT019,255.3712888888889
FDA14,OUT013,1861.2069111111114
DRC24,OUT035,2471.671533333333
FDW21,OUT018,1383.2364888888887
NCH29,OUT046,2284.6557111111115
FDU58,OUT013,2446.8889777777777
FDY27,OUT017,1911.141911111111
FDV56,OUT035,2007.8308666666667
FDT59,OUT046,4113.460355555555
FDB23,OUT046,2185.9693555555555
FDR49,OUT045,1388.2669777777776
FDB03,OUT010,524.7243777777779
FDN39,OUT045,2421.2186888888887
FDX02,OUT027,6468.986777777777
FDQ16,OUT027,2335.4784444444444
FDU35,OUT018,2362.332377777778
NCT29,OUT013,2156.748133333333
FDZ27,OUT046,1035.0230888888889
FDN57,OUT017,2196.2522666666664
FDA03,OUT018,1652.4416222222221
FDZ36,OUT045,3252.9508444444446
NCU05,OUT013,1311.9219111111113
FDT39,OUT018,2615.4103555555557
FDK60,OUT017,1832.2076222222224
FDZ25,OUT017,3297.8553555555554
FDG12,OUT046,1967.365022222222
DRB01,OUT019,561.4173555555556
NCC43,OUT027,5492.554088888889
FDX13,OUT019,684.6643333333334
FDM22,OUT049,1092.2079111111111
FDJ03,OUT027,2055.694488888889
FDU14,OUT018,3710.6513555555553
FDB33,OUT010,379.50600000000003
FDP27,OUT046,2725.4892888888885
FDO38,OUT010,256.11106666666666
FDE28,OUT027,5508.089422222222
FDO27,OUT035,2415.3004666666666
DRL23,OUT027,2818.627311111111
FDS28,OUT046,1321.9828888888887
FDX24,OUT013,1310.8862222222224
FDZ02,OUT035,1418.0060444444443
FDL46,OUT045,1641.9367777777777
FDS60,OUT027,3855.2779111111117
NCO06,OUT017,683.3327333333333
FDO16,OUT035,1886.2853777777777
FDC60,OUT049,1712.067711111111
FDA48,OUT018,2297.157955555556
FDZ36,OUT027,4824.460777777778
FDK27,OUT045,1572.3976666666667
FDW23,OUT018,1395.2948666666664
FDM14,OUT018,1811.6418
FDM14,OUT013,1962.7783999999997
FDW60,OUT018,2030.6160222222222
FDE21,OUT013,1590.004377777778
NCM42,OUT035,2044.1539555555557
FDY59,OUT010,230.14486666666664
DRI49,OUT049,1182.3868222222222
FDT28,OUT019,335.78513333333336
FDQ22,OUT018,1526.6794
FDR60,OUT049,1549.4645555555555
FDC50,OUT019,332.9739777777778
FDV24,OUT013,2326.971
DRF48,OUT010,404.2145777777778
FDQ47,OUT046,2114.136933333333
DRN36,OUT049,1242.0868888888888
NCY06,OUT035,2341.7665555555554
FDE52,OUT035,1504.4860666666668
NCB54,OUT045,2411.3796444444447
NCF31,OUT035,2688.796311111111
FDJ08,OUT027,4709.351355555556
NCC07,OUT017,2128.488622222222
NCD19,OUT027,1369.106733333333
FDL46,OUT049,2449.9220666666665
FDM20,OUT045,2740.5067777777776
NCI06,OUT010,377.73053333333337
DRM11,OUT035,3228.2422666666666
NCH07,OUT018,2023.8840444444443
FDS23,OUT013,1697.863977777778
FDO49,OUT018,1787.5990222222222
FDS35,OUT049,2497.8596666666667
DRK39,OUT045,1458.841777777778
DRI39,OUT049,1012.7557777777778
FDV04,OUT017,1987.4869777777776
NCN14,OUT035,2640.414844444445
FDH08,OUT013,3725.446911111111
FDS20,OUT046,2905.921088888889
FDV40,OUT049,1196.368622222222
FDZ48,OUT010,185.90615555555556
FDS24,OUT027,2676.146111111111
FDK44,OUT049,2347.906711111111
FDS48,OUT045,1901.9686666666666
FDK26,OUT010,287.18173333333334
FDD23,OUT045,2950.5296888888893
NCH54,OUT017,2711.3595333333337
NCP14,OUT010,317.14273333333335
FDM60,OUT010,170.96264444444444
FDV24,OUT017,2617.555711111111
FDH08,OUT018,2786.8168666666666
FDS12,OUT027,3206.4928
FDR39,OUT027,4693.372155555556
FDP12,OUT027,2519.0912888888893
DRF60,OUT027,4978.778422222222
FDC09,OUT035,1884.7318444444443
FDF50,OUT018,2805.311311111111
FDG28,OUT035,3989.1037111111114
NCE19,OUT017,864.8742
NCM53,OUT010,277.3426888888889
NCN18,OUT049,1506.3355111111114
FDF32,OUT035,3320.788466666667
FDF11,OUT013,3096.561822222222
DRI59,OUT049,3097.819444444444
NCG54,OUT035,3422.655866666667
FDM44,OUT046,1680.1832888888887
FDT57,OUT018,2792.9570222222223
FDV24,OUT046,2150.312066666667
FDI50,OUT019,584.8683111111111
FDS09,OUT035,1346.9134000000001
NCC31,OUT027,3896.039666666666
FDQ07,OUT019,408.28335555555554
FDC22,OUT017,2400.0610444444446
FDZ56,OUT046,2113.101244444444
FDZ40,OUT019,123.09902222222223
FDS46,OUT027,2960.590666666667
DRD24,OUT045,2162.1485111111115
FDV45,OUT017,3306.5847333333336
FDL26,OUT045,3142.8719111111113
FDA56,OUT018,1927.7869111111113
FDN27,OUT046,1832.0596666666668
FDM20,OUT049,3319.3089111111112
FDO16,OUT017,1583.1984222222222
FDL03,OUT035,3280.100688888889
FDE58,OUT046,2177.2399777777778
FDI02,OUT027,3465.415022222222
NCC55,OUT019,278.4523555555555
FDR03,OUT018,2946.0170444444443
FDB14,OUT017,2060.355088888889
FDR45,OUT013,3359.108955555556
NCN07,OUT017,1866.6812666666665
FDM51,OUT019,258.3304
FDT52,OUT027,5678.016377777778
FDL26,OUT046,2371.283688888889
NCZ42,OUT046,2279.773177777778
DRI47,OUT019,262.47315555555554
FDW40,OUT013,2367.510822222222
FDN34,OUT046,2950.2337777777775
FDS01,OUT035,2556.1541555555555
NCG55,OUT045,1818.8176444444443
FDC11,OUT035,2770.0978888888885
FDX35,OUT018,1695.1268000000002
NCB06,OUT046,2484.7655999999997
FDR09,OUT019,476.26893333333334
FDC53,OUT017,1243.6404222222222
FDY45,OUT013,3082.4320666666667
FDA22,OUT010,424.1885777777777
FDE02,OUT035,1545.2478222222223
FDW21,OUT045,1812.3075999999999
FDV34,OUT046,1203.3225333333332
FDS59,OUT049,1994.6628222222223
NCW17,OUT017,2008.644622222222
NCK54,OUT046,1701.6368444444445
FDG17,OUT019,425.89006666666666
FDG35,OUT017,2517.0938888888886
FDD08,OUT010,203.1429777777778
NCO07,OUT017,3373.0907555555555
FDJ10,OUT010,259.51404444444444
FDW36,OUT017,1736.4064
FDW21,OUT010,259.662
FDY19,OUT017,2079.7372666666665
DRE03,OUT013,952.463888888889
NCC55,OUT049,1097.7562444444443
FDH52,OUT010,249.89693333333332
FDO09,OUT017,3628.2401111111108
FDU43,OUT045,4483.645155555555
FDX09,OUT010,362.7870222222222
FDH40,OUT019,137.4507111111111
FDW58,OUT017,1637.7200444444445
FDC47,OUT017,4366.1684444444445
NCR41,OUT035,1972.4694888888891
DRG49,OUT035,2990.6256444444443
FDC52,OUT027,4167.316177777777
FDY13,OUT046,1483.9942222222223
FDY35,OUT013,2096.456244444444
FDI35,OUT017,2860.572711111111
NCU18,OUT049,3067.044688888889
FDY33,OUT018,2573.3170000000005
FDC15,OUT027,4593.65011111111
FDU01,OUT049,1998.3617111111114
NCU42,OUT046,2362.554311111111
NCV29,OUT018,2418.111622222222
NCY30,OUT017,2911.9132888888885
FDQ46,OUT049,2251.5136666666667
FDG58,OUT027,3613.2226222222225
FDK33,OUT017,3115.9440000000004
NCD07,OUT045,1400.8432
NCX29,OUT027,4071.958822222222
NCT42,OUT013,2494.456688888889
DRN59,OUT035,1525.051888888889
FDI44,OUT035,1328.714866666667
FDA45,OUT049,2255.952333333333
FDP31,OUT045,1012.1639555555555
FDY01,OUT046,1367.4052444444446
FDT09,OUT018,1790.0402888888887
DRH03,OUT027,1972.5434666666665
FDA36,OUT018,2181.678644444444
NCF31,OUT017,2436.7540222222224
FDG14,OUT049,2547.2028444444445
FDG28,OUT027,5678.016377777778
FDU14,OUT049,3106.1789333333336
FDY47,OUT019,288.95719999999994
FDI56,OUT049,1040.6454
DRD01,OUT013,2144.6897555555556
FDM22,OUT046,930.862377777778
FDH33,OUT013,1698.5297777777778
DRZ24,OUT013,1942.730422222222
NCQ38,OUT046,1640.5312000000001
FDO16,OUT027,2216.078311111111
FDU07,OUT027,4319.266533333333
NCB07,OUT013,3009.3420222222217
FDU48,OUT045,1656.0665333333334
NCM43,OUT045,2497.4157999999998
FDR31,OUT010,224.0786888888889
DRK49,OUT018,699.8297777777778
NCI30,OUT010,707.9673333333334
DRD60,OUT017,3467.560377777778
NCG19,OUT046,3052.693
FDH12,OUT035,1573.8772222222224
FDM32,OUT035,1453.071511111111
FDM27,OUT035,3047.070688888889
NCU53,OUT027,4160.510222222222
NCQ18,OUT046,2139.0674444444444
FDS10,OUT013,2621.6984666666667
FDB33,OUT027,4428.827622222223
FDI12,OUT013,1208.5009777777777
NCW42,OUT013,3443.221688888889
NCC06,OUT018,1700.897066666667
FDW02,OUT017,2212.305444444444
NCD43,OUT017,1586.8233333333333
FDM57,OUT018,1043.9004222222222
FDA58,OUT017,4150.301288888888
FDK56,OUT046,2429.3562444444447
FDP52,OUT045,2856.5039333333334
FDW20,OUT018,2114.0629555555556
FDS52,OUT049,1407.7971111111112
NCT29,OUT018,1497.2362444444448
NCL54,OUT013,2979.011133333333
FDC05,OUT045,2281.178755555555
FDF34,OUT035,3010.0817999999995
FDP03,OUT027,3437.0075555555554
FDD32,OUT010,141.59346666666664
FDZ10,OUT045,1833.7611555555554
FDZ40,OUT035,1278.1880444444444
FDD51,OUT018,1152.6477555555555
NCY30,OUT019,335.0453555555556
FDP58,OUT017,3034.0506000000005
FDV49,OUT017,4118.786755555556
FDY24,OUT019,351.8383111111111
NCO55,OUT017,1510.7741777777778
FDR13,OUT017,1574.5430222222224
FDS51,OUT017,1368.8108222222222
FDP26,OUT045,1535.8526444444444
NCB54,OUT027,3883.019577777778
FDF32,OUT017,3497.3734222222224
FDN31,OUT018,2899.7809333333335
DRM48,OUT017,1059.879622222222
FDN20,OUT049,2699.523088888889
DRL01,OUT046,2315.060577777778
FDV56,OUT049,2242.118488888889
DRH13,OUT027,2574.5746222222224
FDA03,OUT017,2783.635822222222
FDF47,OUT027,4894.813644444444
FDX32,OUT046,2755.8941555555557
FDX57,OUT049,1991.2598444444443
NCA30,OUT045,2755.5982444444444
FDO49,OUT013,1366.6654666666666
FDL04,OUT019,185.61024444444445
DRM48,OUT035,1082.1469333333334
FDR16,OUT013,2553.416977777778
NCC19,OUT018,2267.4928666666665
NCE42,OUT045,3069.559933333333
FDY24,OUT017,1398.4019333333333
FDH19,OUT049,2218.741511111111
FDJ46,OUT013,3711.613066666667
FDN45,OUT010,573.4017555555556
FDY08,OUT035,1781.310911111111
FDZ37,OUT035,2028.9885111111116
NCT30,OUT045,2093.4231555555552
DRY23,OUT018,1138.4440222222224
NCZ30,OUT018,2439.4912
FDC44,OUT018,1255.2549333333332
FDB45,OUT035,1783.7521777777777
FDY04,OUT013,2669.3401555555556
FDM27,OUT046,2231.5396666666666
FDZ43,OUT017,4218.87868888889
FDT39,OUT019,414.05362222222226
NCC06,OUT019,370.1848
FDL15,OUT027,4266.668333333333
FDL57,OUT017,4312.534555555556
FDU08,OUT046,1922.3125555555557
FDK40,OUT017,4504.876777777778
FDQ12,OUT010,288.14344444444447
FDS48,OUT017,1957.5999555555557
FDP09,OUT045,2465.0875111111113
FDW21,OUT049,1603.0244666666667
FDY25,OUT035,2923.3798444444446
DRE13,OUT017,1503.0065111111112
FDV43,OUT019,186.12808888888887
FDD22,OUT045,1182.534777777778
FDM46,OUT019,301.5334222222222
NCO30,OUT010,439.5759555555556
FDM25,OUT046,2079.2934
NCN41,OUT049,1628.0289555555555
FDU24,OUT045,1406.9833555555556
FDZ50,OUT046,3150.121733333333
FDP45,OUT013,3948.8598
NCM54,OUT045,1655.548688888889
FDW10,OUT019,453.0399111111112
FDP20,OUT017,2079.7372666666665
FDK32,OUT046,2711.655444444444
FDN52,OUT049,1332.1178444444447
FDM58,OUT045,2073.819044444444
FDZ46,OUT027,3415.9978666666666
NCA18,OUT018,2033.7230888888892
FDD35,OUT046,2939.7289333333333
NCK31,OUT035,2086.543222222222
FDI40,OUT027,2478.9213555555557
FDT50,OUT019,333.9356888888889
NCT06,OUT046,2282.954222222222
FDT31,OUT035,3440.8543999999997
FDT45,OUT049,1701.5628666666664
FDT13,OUT045,3800.3864
FDO50,OUT045,1730.1922666666667
NCU18,OUT010,296.9468
NCR54,OUT049,3662.1219333333333
NCO18,OUT018,2316.0962666666665
FDU09,OUT045,899.7177333333334
FDT13,OUT018,1707.9249555555555
FDE09,OUT046,2418.481511111111
NCK53,OUT019,331.7163555555556
FDG45,OUT049,3052.619022222222
DRH15,OUT035,1410.6822444444442
FDO21,OUT019,479.376
FDD14,OUT027,4811.440688888888
FDC09,OUT046,1696.4584
FDH45,OUT027,1961.816688888889
FDV32,OUT046,1696.8282888888887
FDG12,OUT035,2692.273266666667
FDS32,OUT013,1507.8890444444446
NCL55,OUT018,2765.363311111111
DRE01,OUT035,3155.3741555555557
DRE15,OUT049,1421.5569777777778
NCL42,OUT045,3424.8752
FDP31,OUT013,1523.424377777778
FDN33,OUT018,1455.9566444444442
FDZ59,OUT046,3907.2842888888895
FDE45,OUT010,498.90613333333334
FDJ07,OUT013,1973.5791555555556
FDQ45,OUT018,2467.6767333333332
FDM33,OUT027,5547.963444444445
FDO15,OUT010,241.01959999999997
FDM46,OUT013,1486.435488888889
FDR03,OUT045,3363.0297777777773
FDY49,OUT018,1664.2040888888887
FDQ60,OUT045,2003.7620888888887
FDW10,OUT049,2342.876222222222
FDO51,OUT049,2031.5777333333333
FDJ40,OUT018,1434.0592222222224
FDS20,OUT018,3354.226422222222
FDU45,OUT013,2450.7358222222224
FDV02,OUT035,2277.4798666666666
FDN09,OUT046,2967.9884444444447
NCM55,OUT027,3173.3507555555557
FDN23,OUT018,1695.1268
FDY31,OUT010,300.27579999999995
FDW03,OUT010,352.5041111111111
FDD14,OUT046,2826.690888888889
FDV23,OUT017,1599.0296666666666
DRI03,OUT045,2249.2203555555557
FDN13,OUT035,2569.100266666667
FDF45,OUT027,2120.794933333333
FDU46,OUT035,1600.8051333333333
FDB57,OUT049,3609.227822222222
FDV12,OUT049,1484.807977777778
FDQ58,OUT013,1703.190377777778
NCA18,OUT017,1525.1258666666665
FDH52,OUT049,990.8583555555556
FDM24,OUT018,2154.750733333333
NCP43,OUT027,3173.3507555555557
NCO18,OUT019,335.0453555555556
FDM32,OUT017,2561.5545333333334
NCL07,OUT017,1002.3988888888889
FDK03,OUT013,3583.483555555556
FDP59,OUT017,1950.7939999999996
FDQ24,OUT049,2971.2434666666663
FDQ16,OUT018,1321.4650444444444
FDU44,OUT013,2793.622822222222
FDH28,OUT010,169.1132
FDV28,OUT019,177.3247333333333
FDM22,OUT045,923.6865333333333
FDR56,OUT046,2502.150377777778
FDV39,OUT049,2191.8136
FDU37,OUT019,243.53484444444445
FDQ11,OUT010,419.38002222222224
FDX02,OUT045,3573.644511111111
NCS42,OUT018,1739.1435777777779
FDY57,OUT027,2709.214177777778
FDB21,OUT049,3303.3297111111115
FDE28,OUT017,2466.641044444444
FDQ55,OUT017,2236.8660666666665
FDA48,OUT049,2878.771244444444
FDZ19,OUT045,2750.2718444444445
NCC43,OUT045,3398.0212666666666
NCV18,OUT046,1350.5383111111112
NCA42,OUT018,2452.733222222222
FDY45,OUT046,2974.3505333333337
NCC30,OUT045,2865.233311111111
FDM57,OUT013,1805.2057333333335
FDL09,OUT010,315.73715555555555
FDB09,OUT027,4254.166088888889
FDT44,OUT035,1776.5023555555554
NCT06,OUT027,3560.4764666666665
FDX26,OUT049,2513.0990888888887
FDK32,OUT013,2452.067422222222
DRA12,OUT046,1812.677488888889
FDO46,OUT010,457.4046000000001
FDE52,OUT013,1691.8717777777777
NCH42,OUT045,3763.471488888889
FDV08,OUT035,1049.8926222222224
FDB47,OUT018,1655.6966444444447
FDC28,OUT010,301.7553555555556
FDD22,OUT046,1693.6472444444441
FDS07,OUT027,3171.427333333333
DRI13,OUT045,3346.7546666666663
FDG32,OUT018,2592.6252000000004
FDU14,OUT017,4073.0684888888886
FDD28,OUT019,96.31906666666666
NCP41,OUT017,1840.4191555555553
FDS08,OUT049,2526.341111111111
FDX47,OUT045,2347.832733333333
FDC53,OUT019,180.43179999999998
FDQ19,OUT035,3845.586822222222
FDL14,OUT045,2906.8088222222223
FDM33,OUT019,417.6045555555556
FDA51,OUT045,1784.9358222222222
FDZ27,OUT018,1300.603311111111
FDT04,OUT046,1929.4884
DRC13,OUT049,1789.0785777777778
FDR16,OUT027,5160.171933333333
FDQ03,OUT027,5761.1674
FDE38,OUT035,2853.544822222222
DRH23,OUT027,2455.6183555555554
FDT11,OUT019,472.7919777777777
FDD09,OUT035,3273.2207555555556
FDR40,OUT045,1332.7096666666666
FDX07,OUT017,3543.5355555555557
FDR07,OUT035,1584.8259333333333
FDA51,OUT017,1732.4855777777777
FDT59,OUT019,361.6033777777778
FDF20,OUT017,2415.0785333333333
FDR13,OUT045,1731.4498888888888
FDY26,OUT049,2963.0319333333337
FDW04,OUT017,2132.8533111111115
FDK52,OUT017,4288.491777777777
FDN60,OUT049,2136.256288888889
FDM09,OUT019,399.4060222222222
FDP46,OUT049,2039.9372222222223
FDB50,OUT019,349.9888666666667
NCQ29,OUT049,3016.369911111111
FDP16,OUT027,5853.491666666666
FDX33,OUT018,2183.232177777778
FDP07,OUT010,436.3209333333333
FDN22,OUT046,3264.491377777778
FDF39,OUT049,3329.073977777778
FDS21,OUT017,1313.0315777777776
NCM42,OUT013,1643.6382666666668
FDK50,OUT019,549.7288666666667
DRF13,OUT027,4907.019977777778
FDH35,OUT018,1522.4626666666668
FDP60,OUT018,1110.480422222222
DRJ49,OUT027,3328.260222222222
NCT42,OUT019,349.7669333333333
FDE38,OUT049,2195.512488888889
FDI04,OUT049,3582.3738888888893
NCH54,OUT045,2975.904066666667
FDT56,OUT049,1405.2818666666667
DRD15,OUT018,3014.8903555555553
FDV58,OUT013,2536.1801555555553
FDP21,OUT049,3004.2375555555554
FDH05,OUT013,3392.0290666666665
FDR10,OUT027,3819.7685777777783
NCP06,OUT045,1931.929666666667
FDF33,OUT049,1368.588888888889
DRK37,OUT013,2780.010911111111
DRH49,OUT045,1461.8748666666665
FDT58,OUT013,2282.1404666666667
FDD41,OUT018,1135.1150222222223
FDP40,OUT018,1481.4789777777778
FDM51,OUT027,2965.3992222222223
FDO45,OUT010,183.68682222222222
FDW33,OUT010,269.9449111111111
FDY24,OUT045,1597.4021555555555
FDB10,OUT010,480.41168888888893
FDM40,OUT035,1807.2031333333334
NCI06,OUT017,3237.5634666666665
FDW12,OUT019,358.4223333333333
FDX48,OUT027,4687.084044444444
NCW05,OUT027,3030.2777333333333
FDX27,OUT017,1708.4427999999998
DRM37,OUT045,3066.7487777777783
FDA38,OUT045,3030.129777777778
FDR36,OUT046,1063.1346444444443
FDZ45,OUT046,2881.508422222222
FDG05,OUT017,2157.1919999999996
FDK28,OUT013,4268.221866666667
FDV47,OUT045,1296.608511111111
FDN21,OUT045,2092.9053111111116
FDP20,OUT027,4165.540711111111
FDI35,OUT045,2916.7958222222223
DRY23,OUT013,1043.6045111111112
FDA56,OUT017,1408.0190444444443
FDB09,OUT013,2145.2075999999997
NCO26,OUT027,3385.3710666666666
FDQ49,OUT018,2013.0832888888888
FDI52,OUT027,2878.845222222222
FDZ44,OUT027,3962.7676222222226
FDZ09,OUT018,2038.9755111111108
FDY03,OUT049,1891.907688888889
NCG42,OUT017,2755.5982444444444
DRI13,OUT027,5433.519822222222
FDQ32,OUT013,1357.3442666666667
FDW16,OUT035,2071.8216444444442
FDU27,OUT046,1528.6768
FDR28,OUT010,306.268
FDQ49,OUT010,443.2008666666666
FDS37,OUT046,1797.4380666666666
FDW26,OUT018,3007.4925777777776
FDX12,OUT018,2897.1177333333335
NCP06,OUT013,2982.1182
FDW45,OUT010,355.6851555555555
NCN30,OUT049,2563.477955555556
FDN24,OUT049,1607.0932444444445
NCL41,OUT027,1565.1478444444447
FDR02,OUT019,278.0084888888889
FDD09,OUT010,519.619911111111
FDS33,OUT010,256.6289111111111
FDU22,OUT045,1614.1951111111111
FDI53,OUT013,2030.0242000000003
DRH01,OUT049,2609.2702
FDX32,OUT013,2773.944733333333
NCP30,OUT018,816.9366000000001
FDB60,OUT045,2991.513377777778
FDB14,OUT049,1513.3634
NCP02,OUT035,1546.7273777777777
FDJ10,OUT017,2236.6441333333332
FDG34,OUT046,1957.3780222222222
NCB18,OUT017,1600.5832
FDM16,OUT049,1048.265111111111
FDW25,OUT018,1851.2199111111113
FDB35,OUT010,255.88913333333338
DRN11,OUT013,1948.2047777777775
FDF41,OUT019,457.4046000000001
FDH16,OUT045,1117.952177777778
NCQ50,OUT018,3572.0909777777774
DRH23,OUT018,1653.5512888888888
DRJ37,OUT013,3443.295666666667
DRJ24,OUT027,3384.0394666666666
FDY16,OUT035,3076.4398666666666
FDQ27,OUT045,1931.7077333333332
FDZ33,OUT045,1161.7470222222225
FDF29,OUT045,2070.933911111111
FDA08,OUT049,3717.901177777778
FDG31,OUT046,1833.5392222222222
FDE34,OUT019,469.9068444444444
NCR30,OUT027,2091.8696222222225
FDV33,OUT035,3917.7151555555556
DRZ24,OUT018,2025.6595111111112
NCL54,OUT035,3422.6558666666665
FDR12,OUT049,3453.6525555555554
NCC54,OUT046,3545.606933333334
DRN59,OUT013,1470.9001555555556
FDX50,OUT019,236.06308888888887
FDV31,OUT027,4709.351355555556
NCA29,OUT027,4294.631933333333
FDW60,OUT049,3483.4656
FDX08,OUT017,2415.0785333333333
DRD49,OUT013,3350.749466666666
FDD33,OUT046,3024.6554222222226
FDW35,OUT013,1765.4796666666666
FDJ36,OUT017,1754.3090222222222
FDV51,OUT035,2772.687111111111
FDW36,OUT046,1876.7422444444444
FDH35,OUT046,3048.772177777778
NCS30,OUT027,3994.2821555555547
FDN49,OUT017,1872.599488888889
FDL08,OUT018,3381.154333333333
FDI09,OUT013,3764.5811555555556
FDP19,OUT018,1586.1575333333333
FDU21,OUT010,177.8425777777778
NCP41,OUT045,1576.3184888888889
FDY10,OUT013,2484.987533333333
FDP12,OUT018,1078.1521333333335
NCN26,OUT049,1523.7942666666665
FDK44,OUT013,2336.588111111111
FDC28,OUT049,1537.5541333333335
FDJ41,OUT027,5853.491666666665
NCT29,OUT035,2446.5930666666663
NCH42,OUT019,396.3729333333333
FDU60,OUT018,2321.7185777777777
FDS02,OUT045,3810.0035111111115
FDC51,OUT046,1412.6056666666666
FDU03,OUT013,2919.6069777777775
FDX39,OUT045,3228.6861333333336
NCY05,OUT010,252.19024444444443
NCL06,OUT027,5859.7058
FDD32,OUT035,1816.5243333333335
NCN41,OUT045,1666.5713777777778
NCX53,OUT049,2842.966
FDU57,OUT019,333.71375555555557
FDQ23,OUT046,2706.2550666666666
FDQ52,OUT045,4731.470711111111
FDC14,OUT045,1038.6480000000001
FDY09,OUT035,3988.0680222222218
FDQ28,OUT045,3208.9340666666667
FDV25,OUT046,3219.9567555555554
FDJ07,OUT035,1845.8935111111111
DRB25,OUT049,1874.7448444444444
FDK52,OUT019,500.6816
FDY52,OUT027,1198.7359111111111
FDB28,OUT046,3280.6925111111113
FDT36,OUT035,1029.7706666666666
FDV25,OUT017,2786.5949333333333
NCN07,OUT027,3173.3507555555557
FDC57,OUT017,3924.447133333333
FDQ03,OUT018,2843.7057777777777
FDU23,OUT017,2668.3044666666665
NCX41,OUT035,3095.3781777777776
NCD06,OUT035,1078.7439555555554
FDW08,OUT045,2621.772444444445
NCU29,OUT017,1341.6609777777776
NCE06,OUT013,2900.2987777777776
FDV52,OUT010,271.20253333333335
FDB02,OUT017,3470.1496
NCR18,OUT045,832.3239777777778
FDK16,OUT049,1370.8082222222224
NCQ29,OUT010,500.90353333333337
FDZ01,OUT019,301.9033111111111
FDW27,OUT035,2731.1116
FDD17,OUT018,3492.6388444444447
FDW39,OUT013,2748.644333333333
DRH59,OUT045,1016.8985333333335
FDS52,OUT013,1758.0079111111113
FDU40,OUT027,6188.537022222223
NCF54,OUT013,3008.824177777778
FDH46,OUT045,1571.4359555555557
NCP14,OUT049,1486.8793555555555
FDH50,OUT049,2305.0735777777777
DRF15,OUT010,312.55611111111114
FDV27,OUT027,2047.4829555555557
NCJ06,OUT049,2568.2125333333333
FDN02,OUT018,1771.2499333333335
FDQ51,OUT049,1762.1506666666667
FDQ07,OUT017,4517.896866666666
FDS45,OUT049,2149.6462666666666
NCJ06,OUT045,1586.7493555555557
FDD36,OUT035,1668.0509333333334
FDY25,OUT045,3322.859844444444
FDU52,OUT046,1829.692377777778
DRK47,OUT017,3626.7605555555556
NCL30,OUT017,2297.5278444444443
FDN22,OUT035,3580.9683111111112
NCF30,OUT027,3126.670777777778
FDK03,OUT035,3932.288777777778
FDT45,OUT017,1198.2920444444444
NCC54,OUT027,5180.219911111111
FDP08,OUT018,2834.1626444444446
FDU44,OUT046,2989.6639333333333
DRG39,OUT035,1027.4773555555555
FDU32,OUT049,1644.156111111111
FDY27,OUT049,2778.2354444444445
NCP54,OUT013,1791.5938222222221
NCZ41,OUT049,2018.631622222222
DRL49,OUT013,2986.0390222222222
FDI05,OUT018,832.5459111111111
FDY56,OUT045,4391.024977777778
DRC13,OUT013,2144.6897555555556
NCV29,OUT017,2342.0624666666668
FDR24,OUT049,1393.3714444444445
FDZ34,OUT018,1660.579177777778
FDP37,OUT035,2644.113733333333
FDX08,OUT027,5313.157977777778
FDS57,OUT045,2076.926111111111
NCG18,OUT049,2618.443444444444
FDK25,OUT018,1851.7377555555552
FDH53,OUT049,1601.8408222222222
DRI59,OUT018,2800.0588888888888
FDA52,OUT046,3116.9057111111115
FDT20,OUT010,226.88984444444444
FDE36,OUT019,456.29493333333335
FDI24,OUT017,1767.1811555555555
FDB28,OUT018,2380.235
FDV11,OUT017,2700.1888888888893
FDP01,OUT046,1874.9667777777775
FDD34,OUT027,3819.7685777777774
FDJ50,OUT027,2443.042133333334
FDZ44,OUT013,1878.8876000000002
DRO59,OUT035,1766.1454666666666
DRB48,OUT045,973.1036888888889
FDR21,OUT018,2217.7798
NCE42,OUT010,468.94513333333333
FDO23,OUT046,3083.7636666666667
NCE30,OUT018,2871.8173333333334
FDQ22,OUT035,1373.4714222222221
FDY01,OUT045,2236.5701555555556
FDS08,OUT017,2149.0544444444445
FDG28,OUT018,2444.0778222222225
FDQ51,OUT018,1453.5153777777778
FDB05,OUT017,3405.7149555555557
FDO56,OUT049,2615.1884222222225
FDE02,OUT018,1848.2608
FDN45,OUT017,3429.5357999999997
FDS09,OUT013,1284.2542222222223
NCA54,OUT018,2504.961533333333
FDP09,OUT010,483.5187555555556
FDC53,OUT045,1267.9051333333332
NCM55,OUT017,3122.4540444444447
FDL09,OUT018,2810.045888888889
FDA11,OUT019,338.4483333333333
FDA50,OUT045,1862.5385111111111
FDC23,OUT017,2856.873822222222
FDE22,OUT049,2784.005711111111
FDD23,OUT046,3025.9130444444445
NCA29,OUT049,3342.3899777777783
FDK38,OUT046,1797.4380666666668
DRC13,OUT046,1616.3404666666668
NCP43,OUT049,2764.4755777777773
FDX28,OUT049,1111.9599777777778
FDF08,OUT049,1702.0807111111112
FDZ33,OUT046,2229.320333333333
FDD10,OUT049,2618.665377777778
FDO58,OUT017,2939.4330222222225
FDI50,OUT017,3601.904022222223
FDO58,OUT045,2221.552666666667
FDX08,OUT013,2578.4954444444443
NCK17,OUT010,209.28313333333332
FDF39,OUT035,3756.2956444444444
FDU45,OUT010,210.17086666666668
NCJ18,OUT018,1772.2116444444446
DRC27,OUT019,566.3738666666667
DRC25,OUT035,1920.3891333333331
FDU59,OUT035,2814.706488888889
FDU28,OUT035,3346.606711111111
NCP30,OUT046,854.2953777777778
FDB39,OUT018,1325.5338222222222
FDE41,OUT013,1455.3648222222223
DRH11,OUT010,208.24744444444445
FDA58,OUT045,3523.4875777777775
FDU50,OUT046,1425.2558666666666
FDM34,OUT013,2475.7403111111107
FDM44,OUT027,3435.084133333333
FDR39,OUT045,2359.7431555555554
FDM25,OUT045,2348.7944444444443
FDQ49,OUT049,1899.5274
DRH25,OUT018,1183.422511111111
FDM09,OUT027,3956.0356444444446
FDL44,OUT019,520.7295777777778
NCR42,OUT018,1001.9550222222222
DRL59,OUT046,1858.173822222222
FDX43,OUT013,3303.1817555555554
DRK47,OUT010,333.1219333333333
FDU48,OUT018,1536.740377777778
FDY12,OUT045,940.4055111111112
NCN43,OUT018,1281.3690888888889
NCM55,OUT018,2457.9856444444445
FDQ21,OUT027,3112.984888888889
FDX13,OUT035,3362.511933333333
NCK30,OUT027,4260.454199999999
FDG20,OUT049,2826.8388444444445
DRG27,OUT017,1151.6120666666666
FDY14,OUT018,3632.530822222222
FDP59,OUT035,2036.5342444444443
FDU60,OUT017,2643.226
NCC18,OUT019,455.03731111111114
DRJ39,OUT017,4425.128733333333
FDS07,OUT049,2146.7611333333334
FDM08,OUT027,5222.387244444444
FDP51,OUT045,1722.7944888888892
FDU16,OUT035,2189.0024444444443
FDH12,OUT013,1865.0537555555557
DRE48,OUT010,406.35993333333334
NCL42,OUT027,7171.183844444444
FDR21,OUT045,2356.2662
NCW29,OUT035,2603.869822222222
FDO11,OUT013,2096.4562444444446
NCM31,OUT049,2923.8976888888888
FDV35,OUT019,361.6033777777778
FDF58,OUT017,1300.7512666666667
NCE43,OUT049,3760.8082888888885
FDA02,OUT035,2470.0440222222223
DRL37,OUT010,250.6367111111111
FDR24,OUT018,2194.698733333333
FDW59,OUT049,2232.871266666667
FDS22,OUT049,1328.7148666666667
FDW24,OUT017,1423.9242666666667
FDU24,OUT035,1736.4064000000003
FDA21,OUT027,5611.06648888889
FDH58,OUT027,2962.0702222222226
FDW36,OUT018,1449.4466
FDI45,OUT027,4288.343822222222
FDU01,OUT018,1597.2542000000003
FDF35,OUT027,3828.3500000000004
FDU43,OUT019,421.0075333333333
FDE24,OUT019,284.3705777777778
FDK50,OUT049,1931.0419333333334
FDG31,OUT045,1488.2849333333334
FDC60,OUT045,1514.6950000000002
FDL36,OUT013,1601.2489999999998
FDP21,OUT013,2450.1440000000002
FDW16,OUT045,1242.3088222222223
FDX02,OUT017,3545.3849999999998
FDQ58,OUT027,3613.0006888888893
FDT51,OUT046,1837.5340222222221
FDD59,OUT049,2360.7048666666665
NCM42,OUT018,2220.073111111111
FDA57,OUT018,1494.9429333333333
FDZ48,OUT035,1710.6621333333335
FDE46,OUT045,2192.4054222222226
NCZ30,OUT019,303.4568444444444
FDB56,OUT017,3366.136844444444
FDA25,OUT027,2915.6121777777776
FDD20,OUT013,2005.2416444444445
FDL25,OUT013,1561.0050888888888
NCO18,OUT049,4054.795977777778
FDJ45,OUT017,1674.8568888888888
FDR12,OUT035,2614.078755555556
NCF19,OUT010,152.83808888888888
FDK25,OUT046,2339.547222222222
NCR17,OUT046,1990.5940444444443
FDC52,OUT046,2113.175222222222
NCA54,OUT017,3731.0692222222224
FDR45,OUT010,481.5213555555555
NCM19,OUT049,2058.8755333333334
FDF39,OUT027,6061.443199999999
FDX23,OUT049,1131.4161333333334
FDD58,OUT027,2567.546733333333
FDX28,OUT013,1858.5437111111112
NCD31,OUT013,2786.1510666666672
FDU57,OUT018,1985.193666666667
FDI27,OUT046,1256.8084666666666
NCM42,OUT046,1834.9448000000002
FDD32,OUT027,2120.794933333333
FDI34,OUT013,3967.6501555555556
NCM29,OUT049,1493.3154222222222
FDG46,OUT018,1603.2464
DRC01,OUT010,280.0058888888889
FDB15,OUT027,6468.986777777777
NCA17,OUT027,3866.0046888888883
FDF10,OUT046,2725.415311111111
FDR26,OUT027,4488.1578
FDI02,OUT049,1504.0421999999999
NCM54,OUT010,262.91702222222216
FDF14,OUT013,2121.608688888889
FDJ33,OUT010,322.76504444444447
FDM20,OUT035,3443.5176
FDC03,OUT027,4653.350177777777
NCX05,OUT046,1970.0282222222222
NCM41,OUT027,2736.438
NCU29,OUT010,463.98862222222215
FDQ59,OUT017,2005.7594888888889
FDH46,OUT010,253.44786666666667
FDH09,OUT013,921.9850444444443
NCD06,OUT045,1017.6383111111112
FDC15,OUT035,2011.5297555555558
DRD37,OUT027,1533.4853555555555
FDT28,OUT027,3437.155511111111
FDR28,OUT027,4321.559844444444
FDT38,OUT017,1569.1426444444446
FDV34,OUT027,1544.582022222222
FDY52,OUT035,1493.5373555555555
FDB34,OUT013,1857.3600666666669
DRL23,OUT018,1955.380622222222
DRB24,OUT046,1784.6399111111111
FDJ50,OUT046,1323.6843777777779
FDQ49,OUT035,3098.485244444444
FDP20,OUT035,2172.3574444444444
FDV19,OUT027,4148.229911111111
NCR54,OUT045,3050.4736666666668
FDO09,OUT010,477.00871111111115
FDS57,OUT018,1905.3716444444444
FDN10,OUT049,2607.1248444444445
FDV23,OUT049,2464.5696666666668
FDY28,OUT049,3707.618266666667
DRG51,OUT013,2313.285111111111
FDD45,OUT019,233.03000000000006
NCL18,OUT027,4818.542555555555
NCM29,OUT013,1713.1034
FDF17,OUT027,5903.278711111111
FDE22,OUT017,1999.323422222222
FDQ22,OUT017,1102.9346888888888
FDS01,OUT013,3337.8033555555558
FDW35,OUT027,1536.8143555555555
FDJ33,OUT046,1696.6803333333332
NCF54,OUT035,2885.873111111111
FDE09,OUT013,1537.7020888888887
NCE06,OUT045,2409.9740666666667
DRH49,OUT049,1472.675622222222
FDY43,OUT045,2364.625688888889
NCT05,OUT017,3359.2569111111106
FDZ34,OUT045,2847.182733333333
FDL38,OUT017,1757.342111111111
FDZ31,OUT017,3186.0009555555557
FDR14,OUT035,1224.6281333333332
NCN54,OUT049,2160.816911111111
NCC42,OUT027,3905.0649555555556
FDK08,OUT017,1683.3643333333334
FDP59,OUT013,2096.456244444444
FDV22,OUT035,2310.3999777777776
FDD33,OUT035,3700.960266666667
DRE60,OUT027,3813.2585333333327
FDK52,OUT046,3712.5008
FDA02,OUT017,1906.9991555555555
FDM56,OUT049,2019.1494666666667
FDE57,OUT035,2176.130311111111
FDM32,OUT045,1710.366222222222
NCQ30,OUT027,3480.8024
FDQ27,OUT027,2965.3992222222223
FDT60,OUT027,3140.800533333333
FDU43,OUT049,3609.227822222222
NCO55,OUT035,2086.543222222222
FDG02,OUT045,2464.939555555555
FDJ28,OUT013,3165.065244444444
FDP40,OUT045,1532.2277333333334
FDJ38,OUT045,3351.1193555555556
NCC54,OUT017,3197.0976222222216
NCZ41,OUT046,2551.7894666666666
FDK38,OUT019,475.7510888888889
FDU52,OUT013,2077.0000888888894
FDC40,OUT046,1417.5621777777778
NCR30,OUT017,1000.1055777777779
NCN18,OUT017,1670.2702666666667
FDB50,OUT035,1186.9734444444448
FDG04,OUT013,3017.923444444444
FDR26,OUT035,2325.4914444444444
NCT17,OUT018,2344.725666666667
FDX35,OUT027,4064.7829777777783
FDS12,OUT046,2327.4888444444446
NCZ29,OUT027,3374.348377777778
FDB38,OUT010,225.33631111111112
FDP12,OUT013,1195.5548666666666
FDP22,OUT046,1226.1816666666666
FDS26,OUT018,3605.528933333333
FDR52,OUT046,3637.043466666667
DRJ13,OUT046,2354.7866444444444
FDU48,OUT027,3315.536044444444
FDE29,OUT035,1435.6867333333334
NCT29,OUT049,1855.2886888888888
DRK37,OUT018,2927.744533333333
FDK55,OUT046,1343.880311111111
FDR07,OUT046,1267.3872888888886
FDO21,OUT027,5126.881933333334
FDK46,OUT049,4252.094711111111
FDB12,OUT045,1331.6739777777775
FDT31,OUT027,5203.448933333333
FDJ33,OUT045,2206.535177777778
FDC26,OUT027,2962.8839777777775
NCQ02,OUT045,2830.1678444444447
FDP08,OUT010,361.8253111111111
FDB11,OUT027,4328.069888888889
FDV55,OUT013,2260.021111111111
FDW20,OUT049,2210.012133333333
NCJ18,OUT019,275.1233555555556
FDC41,OUT018,908.7430222222222
FDE14,OUT027,2626.654977777778
FDG35,OUT013,2737.177777777777
FDF45,OUT035,1649.4085333333333
FDS19,OUT027,2372.541311111111
FDS58,OUT019,394.1536
FDA26,OUT017,4322.521555555555
FDM32,OUT049,1856.7682444444445
FDL45,OUT046,2180.790911111111
FDZ55,OUT049,2526.341111111111
FDY37,OUT049,1610.1263333333332
FDO46,OUT046,2735.6982222222223
FDQ60,OUT046,2594.6965777777777
FDA19,OUT018,2215.9303555555557
FDL15,OUT046,2241.6746222222223
FDM10,OUT018,2794.4365777777775
NCL05,OUT017,1103.9703777777777
DRK49,OUT010,250.6367111111111
NCE18,OUT027,7200.626999999999
FDG40,OUT049,840.4615333333333
DRI59,OUT045,3398.3911555555555
FDK28,OUT035,3008.158377777778
NCD06,OUT019,161.5674666666667
FDO11,OUT019,421.74731111111106
FDK27,OUT046,1833.5392222222222
FDT43,OUT027,1213.9753333333333
FDD38,OUT018,1339.959488888889
FDA16,OUT049,3619.2888
FDL14,OUT027,4020.1004
NCM17,OUT049,1379.7595333333334
FDD20,OUT045,2303.8159555555553
FDA40,OUT045,1404.1722
FDL43,OUT045,1451.0741111111113
FDV15,OUT045,2099.563311111111
FDE52,OUT046,1476.2265555555557
NCL17,OUT010,408.5792666666667
NCJ31,OUT045,2606.0891555555554
FDR60,OUT045,1316.9524
NCA18,OUT035,1993.9230444444447
FDS21,OUT027,1588.7467555555554
FDW09,OUT035,1446.3395333333335
FDL26,OUT035,2674.666555555556
FDS47,OUT018,2080.033177777778
FDC39,OUT046,2919.5330000000004
FDT51,OUT035,1999.1014888888885
FDK40,OUT035,3598.279111111111
NCG19,OUT045,3141.9102000000003
FDZ07,OUT046,1003.4345777777776
FDF08,OUT027,2523.677911111111
FDO04,OUT013,1163.2265777777777
FDK41,OUT018,868.2771777777778
FDP15,OUT049,2301.522644444444
NCD43,OUT018,1705.8535777777777
NCP18,OUT013,2482.9901333333332
FDZ51,OUT046,1955.5285777777779
DRH13,OUT035,2037.7178888888889
FDF38,OUT045,1106.4856222222222
NCI43,OUT045,828.551111111111
FDM38,OUT027,2471.8934666666664
FDS03,OUT013,1621.223
DRJ47,OUT017,2647.2947777777777
FDT50,OUT010,308.2654
FDV02,OUT046,2795.324311111111
NCG18,OUT017,1900.6370666666667
FDW52,OUT046,3322.4899555555553
FDS40,OUT035,908.1511999999999
FDN31,OUT017,2814.1146666666664
FDA37,OUT045,1824.0700666666667
FDA15,OUT046,3308.656111111111
FDL39,OUT046,2705.367333333333
FDJ53,OUT045,1389.5246
FDX22,OUT013,3051.509355555556
NCZ42,OUT045,2711.3595333333337
FDD56,OUT027,5806.885666666666
FDD40,OUT017,2683.3219555555556
FDS50,OUT013,3041.9662222222223
NCN14,OUT013,2637.603688888889
FDT15,OUT013,2966.1389999999997
NCS18,OUT027,3187.110622222222
NCO26,OUT010,313.14793333333336
FDF58,OUT018,1148.505
NCB19,OUT013,1673.451311111111
FDH26,OUT017,2422.6982444444443
DRB24,OUT027,4907.019977777778
FDA49,OUT018,1026.1457555555555
FDB32,OUT045,1779.3874888888888
FDI36,OUT017,2492.533266666667
NCA17,OUT010,426.3339333333334
FDH22,OUT013,1740.6971111111113
NCM26,OUT018,1989.4843777777778
FDT15,OUT027,4918.116644444443
FDB16,OUT018,1300.603311111111
NCP54,OUT027,3480.8024
FDJ36,OUT013,1713.1773777777778
FDO28,OUT045,1768.8826444444446
FDU09,OUT013,1499.8994444444443
FDF29,OUT017,2141.9525777777776
FDY08,OUT013,3027.8364666666666
DRJ59,OUT018,1445.7477111111111
FDT23,OUT027,3251.2493555555557
FDU15,OUT018,1311.4780444444443
FDT47,OUT013,2096.4562444444446
FDI53,OUT019,386.82980000000003
FDR59,OUT018,1695.1268
FDD53,OUT035,908.1511999999999
FDY51,OUT017,2598.913311111111
FDT04,OUT049,978.5040666666669
FDU51,OUT049,3076.735777777778
FDG14,OUT035,2554.526644444444
NCU06,OUT045,3266.2668444444444
DRG25,OUT046,1718.4298
DRH49,OUT035,1700.2312666666667
FDN15,OUT035,2293.8289555555552
FDL43,OUT018,1094.5752
NCT18,OUT049,4142.015777777778
NCB31,OUT013,3927.850111111111
FDK57,OUT035,2054.8807333333334
FDY04,OUT019,342.96097777777777
NCP54,OUT046,1928.2307777777778
FDF41,OUT013,3583.2616222222223
FDM01,OUT045,2461.758511111111
FDW03,OUT045,1931.7077333333336
FDF28,OUT045,2138.771533333333
FDY37,OUT017,2430.8358
FDQ03,OUT017,3440.2625777777776
FDP51,OUT027,3437.0075555555554
FDJ40,OUT017,2048.962511111111
FDC32,OUT049,1449.520577777778
DRI49,OUT027,2037.7178888888893
NCW54,OUT017,864.8742
FDF09,OUT017,670.5345777777777
FDP45,OUT018,2581.528533333333
DRJ23,OUT018,2689.9799555555555
FDS59,OUT017,1756.3064222222222
FDY08,OUT046,2400.282977777778
FDX16,OUT049,2435.2744666666667
FDY16,OUT018,1631.8758
FDK32,OUT035,2399.5432
FDQ22,OUT013,1047.007488888889
NCC31,OUT018,2452.7332222222226
FDG58,OUT049,2423.8079111111115
DRF48,OUT013,2869.819933333333
DRH36,OUT049,1086.0677555555556
NCR30,OUT035,1992.0736000000002
FDB03,OUT019,489.4369777777777
FDZ28,OUT027,3503.143688888889
FDR35,OUT017,2743.6138444444446
DRD15,OUT027,6188.980888888888
FDJ33,OUT019,303.38286666666664
FDA56,OUT010,311.0025777777778
FDP56,OUT046,1958.1178
NCT30,OUT046,1108.4090444444444
FDK15,OUT017,1808.8306444444447
FDH44,OUT018,1950.2761555555553
FDV01,OUT013,1742.7684888888887
DRG03,OUT017,1828.7306666666668
FDG50,OUT027,2632.721155555556
FDR16,OUT010,309.15313333333336
FDZ60,OUT046,1610.7921333333334
DRG03,OUT045,2199.063422222222
FDS56,OUT018,2558.299511111111
FDU33,OUT045,1173.8793777777778
DRD27,OUT035,998.404088888889
FDW22,OUT046,3413.704555555555
DRA24,OUT045,2172.875288888889
FDF38,OUT049,1380.795222222222
FDX48,OUT013,2316.8360444444443
FDS58,OUT018,2792.661111111111
FDC32,OUT046,1414.9729555555557
NCQ29,OUT045,3471.037333333333
DRK39,OUT018,1419.0417333333332
NCS38,OUT017,1490.9481333333333
DRO47,OUT013,1424.442111111111
DRG27,OUT027,1911.141911111111
FDC57,OUT027,5102.469266666667
FDS55,OUT046,2743.3919111111118
NCJ06,OUT018,1656.2884666666669
FDO01,OUT019,338.59628888888886
NCM55,OUT045,2746.7948888888886
FDC52,OUT049,2219.4812888888887
FDQ15,OUT045,1477.7061111111113
NCT30,OUT027,1358.9717777777778
NCR42,OUT027,1187.9351555555554
FDD28,OUT035,1257.8441555555555
FDQ34,OUT049,2111.1038444444443
FDZ12,OUT027,3897.741155555556
DRE13,OUT019,184.20466666666667
NCN07,OUT019,272.23822222222225
FDM28,OUT035,2929.8159111111113
FDI10,OUT017,2318.5375333333336
FDQ25,OUT013,2108.440644444445
FDA38,OUT010,439.5019777777777
DRI13,OUT049,2763.143977777778
FDY20,OUT027,2413.0811333333336
NCZ53,OUT035,2927.300666666667
NCM31,OUT013,2512.877155555556
DRB01,OUT017,2386.4491333333335
DRF37,OUT046,2422.032444444444
NCF42,OUT049,2955.930066666667
FDF16,OUT018,2084.3978666666662
FDB41,OUT013,1045.4539555555557
FDR34,OUT013,3824.6511111111113
FDR15,OUT018,2312.249422222222
NCV42,OUT019,297.2427111111111
FDW51,OUT035,3115.870022222222
FDU36,OUT017,1775.3926888888886
FDX60,OUT049,1607.0932444444445
FDY03,OUT035,1998.9535333333333
FDW55,OUT045,4343.753177777779
FDT01,OUT010,326.0200666666667
FDG58,OUT013,2582.416266666667
FDK21,OUT017,4640.182133333333
NCS41,OUT019,579.6158888888889
FDS10,OUT045,2547.128866666667
NCT53,OUT046,2159.8552
FDJ28,OUT018,2402.3543555555557
FDX44,OUT045,823.3726666666666
FDT20,OUT018,774.3993777777778
FDO44,OUT017,1559.9694
NCX17,OUT049,3245.183177777778
FDY01,OUT017,2312.4713555555554
FDJ12,OUT027,4922.111444444444
DRK35,OUT018,1367.6271777777777
FDD47,OUT019,238.8002666666667
NCM53,OUT035,2313.0631777777776
FDO45,OUT013,1425.6257555555555
NCM42,OUT010,333.0479555555556
FDE04,OUT046,2412.3413555555558
NCI30,OUT027,6234.5512
FDZ19,OUT013,3303.1817555555554
FDW57,OUT013,2378.533511111111
FDA25,OUT013,1669.8264
FDT22,OUT046,1364.3721555555558
FDP51,OUT013,2071.7476666666666
FDD48,OUT027,2456.875977777778
FDY39,OUT035,2863.679777777778
FDO48,OUT010,348.95317777777774
FDD23,OUT027,4397.387066666666
DRN35,OUT027,2091.351777777778
FDT01,OUT035,3001.0565111111114
FDC20,OUT010,183.61284444444445
DRJ35,OUT035,1687.7290222222223
FDB32,OUT046,1517.9500222222223
FDL24,OUT046,3231.2753555555555
NCV42,OUT035,1989.0405111111115
FDZ46,OUT046,1911.4378222222222
FDC15,OUT013,1997.3260222222223
FDD08,OUT019,164.0827111111111
FDY50,OUT049,1684.3260444444445
FDD36,OUT013,1781.8287555555555
FDG57,OUT027,1194.2972444444442
FDL21,OUT018,670.8304888888889
FDN16,OUT027,2816.5559333333335
FDJ09,OUT027,2112.065555555555
FDS01,OUT010,290.8806222222222
FDV33,OUT017,3811.4830666666667
DRE12,OUT017,1689.8003999999999
FDR07,OUT013,1698.0119333333337
FDP48,OUT010,261.8813333333333
NCB55,OUT035,1565.4437555555555
FDQ08,OUT013,1288.396977777778
FDR34,OUT035,3762.361822222222
FDO33,OUT046,2256.988022222222
FDP13,OUT045,1535.3347999999999
FDX12,OUT049,3440.632466666667
NCT06,OUT049,3412.003066666666
FDR16,OUT019,377.87848888888885
FDE36,OUT046,3609.5237333333334
FDZ36,OUT049,3948.0460444444448
FDV13,OUT045,1737.8859555555557
NCZ17,OUT035,1128.1611111111113
FDU56,OUT045,3050.177755555556
FDM09,OUT035,2659.7230444444444
FDV02,OUT017,2869.745955555556
FDS34,OUT018,1852.1816222222224
FDA11,OUT049,1332.2658
FDP09,OUT017,3684.4632222222226
FDB29,OUT027,3262.5679555555557
FDT19,OUT017,3193.102822222222
DRH15,OUT017,1003.9524222222221
FDY38,OUT046,3509.653733333333
FDF14,OUT027,4499.846288888889
FDN48,OUT010,244.86644444444443
FDQ12,OUT013,3387.1465333333335
NCJ43,OUT045,3042.706
FDE17,OUT019,342.96097777777777
FDB05,OUT035,3347.790355555556
FDH10,OUT045,2417.445822222222
NCR06,OUT017,615.7910222222222
FDU32,OUT018,1927.7869111111113
FDD56,OUT049,3183.4857111111114
FDO36,OUT018,1933.187288888889
FDH16,OUT010,263.0649777777778
FDX10,OUT018,1325.4598444444443
FDZ37,OUT017,1574.5430222222221
FDU31,OUT010,434.8413777777777
DRC49,OUT049,2666.7509333333333
FDL15,OUT045,2359.743155555556
FDN32,OUT019,511.33439999999996
DRH59,OUT027,2091.3517777777774
NCU29,OUT049,2097.9358
FDR37,OUT019,315.8111333333333
FDS14,OUT018,1688.0989111111112
FDU02,OUT027,6195.564911111111
FDJ08,OUT035,3687.7182444444447
NCZ06,OUT045,3618.7709555555552
FDO31,OUT049,2130.929888888889
FDH31,OUT018,1578.315888888889
FDS58,OUT017,2599.2832
NCA53,OUT027,1627.954977777778
FDF50,OUT046,2966.065022222222
NCW42,OUT049,3033.606733333333
NCQ17,OUT045,2185.081622222222
FDK51,OUT018,3618.4750444444444
NCW41,OUT010,484.0366000000001
NCR29,OUT017,1339.885511111111
FDB08,OUT019,484.48046666666676
FDA40,OUT027,2100.0811555555556
FDL14,OUT018,2619.7750444444446
FDB47,OUT046,3065.2692222222227
FDO03,OUT035,3383.299688888889
DRK13,OUT019,392.0082444444445
FDX13,OUT010,256.7028888888889
FDF52,OUT046,3080.360688888889
FDT11,OUT013,2096.456244444444
FDB08,OUT013,2913.170911111111
FDQ28,OUT018,2013.3792000000003
FDD29,OUT045,3916.087644444445
NCQ29,OUT027,5180.219911111111
NCO02,OUT013,1924.6798444444441
FDR56,OUT010,374.47551111111113
NCM54,OUT049,2790.3678
FDP51,OUT035,2205.351533333333
FDT38,OUT013,952.463888888889
FDZ20,OUT018,2958.445311111111
FDJ53,OUT013,1959.2274666666667
FDX13,OUT049,3028.8721555555553
FDP58,OUT035,3474.2183777777773
NCK31,OUT019,227.3337111111111
FDA35,OUT018,2141.9525777777776
FDV37,OUT018,2377.6457777777778
NCO07,OUT027,3173.3507555555557
FDA20,OUT045,2176.944066666667
FDZ59,OUT035,2662.9780666666666
NCY17,OUT017,1652.5895777777778
FDQ28,OUT035,2708.4744
FDV35,OUT017,2249.3683111111113
FDQ36,OUT013,1030.1405555555557
FDD34,OUT018,2093.2752
FDK51,OUT045,4657.197022222223
FDV31,OUT035,2512.7291999999998
FDR04,OUT035,1735.2227555555555
FDR14,OUT049,1078.4480444444443
DRC36,OUT010,437.57855555555557
FDE39,OUT019,403.8446888888889
FDP57,OUT049,2363.4420444444445
FDE57,OUT046,2413.0071555555555
NCN18,OUT046,1506.4834666666668
NCQ05,OUT018,1987.5609555555557
FDW47,OUT035,2158.967466666667
FDV46,OUT035,2836.2340222222215
NCP29,OUT045,1148.0611333333334
FDE09,OUT018,1364.963977777778
NCU06,OUT027,5639.178044444444
FDT19,OUT010,371.5903777777778
DRF15,OUT017,2384.4517333333333
DRI51,OUT013,2965.251266666667
NCX54,OUT013,1516.1745555555558
DRE01,OUT013,3350.749466666666
NCB07,OUT045,2786.0770888888887
FDU50,OUT035,1608.7207555555556
FDG40,OUT035,868.4251333333333
FDW10,OUT018,2217.7798
FDX51,OUT013,3064.825355555555
NCP17,OUT045,1119.4317333333333
FDP21,OUT035,2319.0553777777777
FDL04,OUT045,1940.2151777777779
FDV23,OUT013,1958.6356444444443
FDF24,OUT046,1845.0057777777777
FDH56,OUT027,3296.301822222222
FDB51,OUT049,956.5326666666666
FDI58,OUT027,2615.9282
FDR20,OUT013,1535.7046888888888
FDC51,OUT018,1741.5848444444446
FDB16,OUT027,2199.2853555555557
FDE40,OUT049,1448.1889777777776
NCM17,OUT035,1350.5383111111112
FDU56,OUT035,3490.197577777778
FDS32,OUT019,307.2297111111111
FDX02,OUT049,2952.8230000000003
FDT39,OUT027,4544.5288666666665
FDE35,OUT017,1277.1523555555557
NCI42,OUT019,347.3256666666667
DRL23,OUT046,2262.3884
FDA10,OUT046,2247.9627333333333
FDA11,OUT013,1637.5720888888889
NCM06,OUT046,2457.9116666666664
NCT05,OUT035,4132.472644444444
NCQ02,OUT010,435.50717777777777
NCY06,OUT049,3100.038777777778
FDY56,OUT035,3429.3878444444445
FDL02,OUT035,2750.7896888888886
NCI06,OUT035,2195.2905555555553
FDQ14,OUT045,1889.9102888888888
FDQ12,OUT017,3788.254044444444
FDP36,OUT046,1029.030888888889
FDK21,OUT027,5786.689733333334
FDO40,OUT045,2501.188666666667
NCK54,OUT019,288.73526666666663
FDY09,OUT018,2856.5779111111115
NCW30,OUT049,4603.933022222222
NCC55,OUT027,2844.001688888889
FDE58,OUT018,1774.8008666666667
FDR39,OUT013,2805.4592666666667
FDU28,OUT049,2942.096222222222
FDH08,OUT017,2841.2645111111115
FDG35,OUT045,2570.5058444444444
FDG22,OUT049,1328.7148666666665
FDC34,OUT035,2550.014
FDP15,OUT018,2927.8924888888887
FDK34,OUT010,459.69791111111107
FDU45,OUT035,1793.2953111111112
FDQ04,OUT027,1524.1641555555552
FDX22,OUT018,3280.766488888889
FDB45,OUT017,1731.8197777777777
NCH43,OUT027,5579.921844444445
DRE60,OUT046,2342.654288888889
FDD17,OUT027,5853.491666666666
NCM54,OUT017,2586.633
NCH55,OUT013,1950.9419555555558
NCT06,OUT017,2962.1442
FDA48,OUT027,5055.419400000001
FDY58,OUT027,5065.258444444444
FDO25,OUT045,2279.2553333333335
FDN50,OUT045,1737.8859555555555
FDH35,OUT035,3204.0515333333333
FDK09,OUT045,3531.9210444444448
FDO16,OUT013,1679.887377777778
FDW11,OUT045,908.1512000000001
FDU47,OUT027,3428.130222222222
NCQ42,OUT010,254.0396888888889
FDK55,OUT027,2241.3047333333334
FDN08,OUT049,2365.883311111111
FDT57,OUT045,2625.9152000000004
FDJ12,OUT018,2990.625644444445
DRL59,OUT017,976.1367777777778
NCN53,OUT046,1333.8933111111112
FDO51,OUT010,225.0404
FDK56,OUT017,2584.4876444444444
FDY12,OUT035,868.9429777777779
FDU15,OUT035,1953.6051555555557
FDQ19,OUT046,3732.178888888889
DRF15,OUT045,2562.294311111111
DRE25,OUT019,183.68682222222225
FDK57,OUT018,1973.8750666666665
FDD33,OUT010,549.2850000000001
FDR34,OUT027,5126.881933333333
FDU04,OUT045,1634.3170666666667
FDE35,OUT019,200.70171111111114
NCD31,OUT035,3607.6003111111113
FDJ56,OUT035,2114.2109111111113
NCU53,OUT046,2159.8552
FDD39,OUT035,2996.691822222222
NCU17,OUT019,189.90095555555553
FDJ20,OUT046,2242.044511111111
NCW41,OUT018,2153.715044444444
FDL52,OUT035,1124.7581333333335
FDS39,OUT035,1845.8935111111111
DRJ47,OUT045,2567.398777777778
FDP13,OUT010,178.3604222222222
DRK39,OUT010,207.50766666666667
FDF28,OUT010,282.15124444444444
FDB09,OUT045,2106.0733555555553
FDM51,OUT046,1897.0861333333332
DRM49,OUT018,1226.3296222222223
DRF23,OUT013,3028.7241999999997
DRH01,OUT035,3044.481466666666
FDH12,OUT027,2558.8173555555554
FDA28,OUT019,257.1467555555556
FDW37,OUT018,1087.9172
FDF02,OUT046,2065.3116
DRL37,OUT046,908.3731333333333
NCF43,OUT046,2119.1674222222223
FDH08,OUT010,392.96995555555554
FDR34,OUT019,479.376
NCK19,OUT049,3781.3001333333336
NCD55,OUT018,973.8434666666667
FDT27,OUT049,3380.858422222222
FDQ57,OUT045,1713.1033999999997
FDA47,OUT035,2543.9478222222224
DRG15,OUT027,1934.6668444444445
FDE05,OUT018,2134.184911111111
FDN46,OUT046,1605.5397111111113
FDX27,OUT027,2423.5119999999997
FDT51,OUT045,1520.1693555555555
FDU33,OUT013,1329.0107777777778
FDJ16,OUT027,2206.165288888889
FDD20,OUT019,333.5658
FDT36,OUT049,1333.2275111111112
DRF15,OUT027,4135.801644444444
FDN52,OUT010,265.8021555555556
FDC22,OUT027,3957.4412222222218
FDX15,OUT045,2303.594022222222
FDT13,OUT013,2851.1775333333335
FDU04,OUT017,1626.7713333333331
FDU31,OUT019,451.56035555555553
FDW59,OUT027,3970.313355555556
NCO29,OUT046,2336.884022222222
FDL15,OUT035,2850.881622222222
FDI41,OUT049,2261.278733333333
FDQ48,OUT049,1532.8935333333332
DRI39,OUT013,1182.3868222222222
FDI08,OUT013,3903.215511111111
FDC21,OUT049,2092.683377777778
FDF58,OUT035,1269.6806000000001
FDS08,OUT010,386.8298
FDE47,OUT045,2157.339955555555
NCP18,OUT019,349.76693333333327
NCR41,OUT013,1494.2031555555557
FDA27,OUT013,3658.201111111111
FDA43,OUT035,2354.564711111111
FDA49,OUT045,1668.124911111111
NCE55,OUT018,2300.7828666666665
DRM49,OUT027,3597.9092222222225
FDF22,OUT027,5608.551244444444
FDQ15,OUT018,2065.237622222222
NCS54,OUT017,3560.402488888889
NCY05,OUT013,1021.1152666666668
FDR45,OUT046,2995.878066666666
FDK57,OUT049,2249.0723999999996
FDF41,OUT010,632.2140888888889
FDV21,OUT046,2004.7977777777778
FDD51,OUT046,753.8335555555556
FDF33,OUT046,2204.2418666666667
FDA38,OUT046,3311.9111333333335
FDR56,OUT045,3509.4318000000003
NCN41,OUT017,1871.5638
FDC60,OUT027,2366.697066666667
FDB47,OUT045,3523.4875777777775
DRH01,OUT013,2961.6263555555556
FDW08,OUT046,1465.3518222222222
FDF38,OUT027,2134.850711111111
FDY32,OUT017,2535.1444666666666
FDG34,OUT049,1375.9126888888889
FDG47,OUT019,500.8295555555556
NCF18,OUT035,3444.0354444444447
FDL39,OUT019,405.6201555555556
NCH55,OUT035,2108.5146222222224
DRJ35,OUT049,1331.9698888888888
FDS44,OUT035,3424.8012222222223
DRE01,OUT018,2256.692111111111
FDY39,OUT013,2748.644333333333
FDY32,OUT018,2033.723088888889
FDR33,OUT027,2767.5086666666666
NCP50,OUT049,1775.9105333333332
FDZ47,OUT018,2214.2288666666664
FDU57,OUT049,2397.0279555555553
FDY44,OUT013,2793.7707777777778
DRH59,OUT018,1445.7477111111111
FDB03,OUT027,5620.387688888888
FDY46,OUT045,2561.1846444444445
FDM39,OUT045,2340.9528000000005
FDY36,OUT035,1217.6742222222222
NCM55,OUT035,2529.596133333334
FDJ50,OUT010,268.46535555555556
DRL60,OUT013,3077.2536222222225
NCJ54,OUT049,4445.916488888888
FDX59,OUT017,965.7798888888889
FDI07,OUT013,2927.5226
DRF51,OUT010,171.1106
FDM14,OUT017,1708.9606444444444
FDP21,OUT045,3173.4247333333333
FDE40,OUT035,1679.4435111111113
FDE05,OUT035,2484.0258222222224
FDM13,OUT027,5294.219666666667
FDC34,OUT027,3340.6145111111114
NCI55,OUT018,1694.3130444444444
NCE43,OUT018,2023.8840444444443
FDW58,OUT018,1779.8313555555555
FDG60,OUT045,2804.1276666666668
FDV31,OUT017,2515.5403555555554
FDR47,OUT013,3165.2871777777777
FDM60,OUT019,284.44455555555555
NCF06,OUT018,2276.666111111111
NCN26,OUT027,2209.7902
FDQ59,OUT049,2002.2085555555557
FDF09,OUT046,1958.1178
NCS06,OUT017,4071.7368888888896
FDT44,OUT046,1448.2629555555554
FDI19,OUT017,2438.6034666666665
FDT22,OUT017,1130.9722666666667
NCF54,OUT027,3897.1493333333337
DRG25,OUT045,2686.1331111111117
FDB59,OUT017,2532.4812666666667
FDQ37,OUT017,1957.2300666666665
FDP56,OUT035,1049.8926222222224
FDW44,OUT035,2318.3156
FDJ26,OUT010,306.12004444444443
FDU43,OUT018,2959.3330444444446
FDW33,OUT045,1182.534777777778
NCX53,OUT027,3771.1651777777774
FDN56,OUT010,268.3174
DRF15,OUT049,1954.6408444444444
FDO33,OUT017,2211.0478222222223
FDZ39,OUT010,241.01959999999997
NCJ19,OUT017,874.9351777777778
FDU01,OUT035,2874.3325777777773
FDT12,OUT035,3100.4086666666667
NCM18,OUT018,878.1162222222223
FDP19,OUT017,2116.0603555555554
NCR42,OUT049,1097.7562444444445
FDN10,OUT046,2112.953288888889
FDG44,OUT017,940.9233555555555
FDQ10,OUT046,2748.052511111111
DRH13,OUT049,2217.6318444444446
FDT52,OUT013,3331.1453555555554
FDM56,OUT045,1849.5923999999998
NCO43,OUT010,345.55019999999996
NCV29,OUT035,2863.0879555555557
NCF06,OUT013,3867.4102666666668
FDO50,OUT035,1269.5326444444445
FDT59,OUT013,2610.3798666666667
FDX40,OUT027,1215.3809111111111
FDE50,OUT017,2737.0298222222223
FDX51,OUT017,3287.128577777778
NCD30,OUT018,1482.7366
FDK15,OUT013,2013.0832888888888
FDL12,OUT045,1519.9474222222223
FDK46,OUT017,4926.550111111112
DRH49,OUT010,178.06451111111107
FDQ57,OUT046,2157.265977777778
FDY59,OUT017,1814.5269333333335
FDO09,OUT018,2830.9816000000005
NCG30,OUT035,2530.9277333333334
FDM09,OUT017,2429.0603333333333
NCN17,OUT027,3012.8929555555555
NCS42,OUT013,1350.6862666666666
FDD02,OUT019,402.4391111111111
FDE34,OUT013,2868.044466666667
FDU38,OUT045,2880.324777777778
FDB33,OUT046,1828.5827111111112
NCJ29,OUT017,1686.397422222222
FDZ27,OUT035,1576.244511111111
FDI40,OUT013,1610.7921333333334
FDG22,OUT013,1029.2528222222222
FDT51,OUT017,1801.358888888889
FDF20,OUT018,2795.3982888888886
FDV50,OUT035,1529.7864666666667
FDT02,OUT049,1146.803511111111
DRC49,OUT017,2341.3226888888885
FDF26,OUT049,2547.202844444445
FDV52,OUT035,2438.973355555556
FDX59,OUT049,2497.8596666666667
FDV25,OUT035,3077.253622222222
FDW23,OUT027,1310.7382666666667
FDE53,OUT018,945.6579333333333
FDA19,OUT017,1867.7909333333332
FDH22,OUT046,1795.958511111111
NCO41,OUT013,1884.8058222222223
FDX12,OUT017,2651.9553777777783
FDF17,OUT013,3490.7154222222225
FDS11,OUT045,2713.1349999999998
FDR51,OUT035,2864.4195555555552
FDT49,OUT010,205.58424444444447
FDC56,OUT013,1950.5720666666666
FDR13,OUT027,2556.5240444444444
FDQ60,OUT035,2386.9669777777776
FDN38,OUT049,3395.136133333333
NCL29,OUT013,1203.9143555555556
FDO13,OUT027,5005.854288888889
FDE26,OUT018,2265.1995555555554
FDA31,OUT010,324.9843777777778
FDX14,OUT035,1308.8148444444441
FDA34,OUT045,3144.4994222222217
FDF26,OUT013,1692.0937111111114
FDE38,OUT045,1944.6538444444445
DRI11,OUT046,1706.815288888889
FDQ60,OUT027,3164.029555555556
FDL21,OUT027,1571.9538
DRC12,OUT027,5455.195311111111
FDC47,OUT046,3618.9928888888885
FDE57,OUT045,2006.4252888888889
FDT14,OUT045,1232.6177333333333
NCZ53,OUT046,3450.7674222222217
FDE28,OUT018,3012.8189777777775
FDR19,OUT035,1908.2567777777776
NCF54,OUT019,253.29991111111107
FDZ08,OUT046,1627.2891777777777
NCJ05,OUT018,1928.0088444444445
FDF59,OUT046,2780.3808
NCO05,OUT035,1770.8800444444444
FDW24,OUT018,1140.7373333333335
NCX42,OUT018,2452.733222222222
NCA53,OUT035,924.7962000000001
FDI45,OUT019,472.7180000000001
FDG46,OUT046,1681.3669333333335
FDM20,OUT010,503.1228666666667
FDW11,OUT010,455.25924444444445
FDX08,OUT035,3100.556622222222
NCK17,OUT035,1318.8758222222223
FDK32,OUT018,1555.9006222222224
NCA42,OUT035,2373.059155555556
DRI01,OUT035,2436.680044444444
NCL55,OUT049,4654.533822222222
DRE25,OUT018,885.2180888888889
FDD14,OUT017,3255.5400666666665
FDB10,OUT046,3216.5537777777777
DRN11,OUT035,3028.9461333333334
FDP38,OUT018,1281.665
NCA30,OUT017,2526.7110000000002
FDT15,OUT017,3555.963822222222
NCP55,OUT018,1077.2643999999998
FDF12,OUT035,1879.3314666666665
FDM21,OUT018,2956.2999555555557
FDX56,OUT035,3255.4660888888893
FDF10,OUT017,2991.8092888888887
FDT32,OUT045,3486.1288000000004
FDM51,OUT018,1578.315888888889
NCR50,OUT018,2030.6160222222222
FDI19,OUT049,2301.522644444444
FDX21,OUT017,1427.4751999999999
FDR31,OUT035,1925.0497333333333
FDY02,OUT013,3583.483555555556
NCA29,OUT045,2777.6436222222223
NCX17,OUT046,3535.7678888888895
FDM12,OUT045,3014.1505777777775
FDI53,OUT027,4588.0278
NCU30,OUT049,3218.2552666666666
FDC56,OUT027,3595.4679555555554
FDK27,OUT018,1627.8070222222223
NCK18,OUT017,3073.3328
FDB52,OUT019,546.2519111111111
DRG25,OUT027,5318.262444444445
FDZ13,OUT049,1190.080511111111
FDB57,OUT019,401.4774
FDR40,OUT046,1431.5439777777776
NCO14,OUT019,185.75820000000002
NCN19,OUT045,3041.670311111111
FDQ28,OUT019,342.96097777777777
FDO13,OUT018,2011.4557777777782
FDK48,OUT013,1060.3974666666666
FDU07,OUT018,2861.7563555555553
FDW20,OUT046,1687.211177777778
FDV12,OUT010,266.68988888888885
FDH24,OUT013,2142.3224666666665
FDV59,OUT049,3003.719711111111
FDK57,OUT045,1391.4480222222223
FDL16,OUT027,2206.165288888889
NCQ17,OUT046,2237.827777777778
FDJ15,OUT018,2624.4356444444443
FDX24,OUT049,1169.1448
FDT47,OUT046,2391.5536
FDT10,OUT049,1334.189222222222
FDZ37,OUT018,1448.9287555555557
FDW43,OUT027,6112.413888888888
DRN36,OUT017,1286.4735555555553
FDJ14,OUT045,1263.0965777777776
FDA32,OUT013,3562.8437555555556
FDJ38,OUT019,504.8243555555555
FDQ57,OUT017,1995.994422222222
NCQ41,OUT019,583.0188666666667
FDG56,OUT049,1615.2308
DRC13,OUT027,3977.0453333333335
FDV55,OUT035,2642.5602
FDQ49,OUT045,2627.542711111111
FDE29,OUT010,255.81515555555558
FDR03,OUT013,3211.745222222222
FDD45,OUT049,1428.8807777777777
FDN38,OUT010,298.5743111111112
FDT56,OUT046,1003.4345777777776
FDT48,OUT045,3393.3606666666665
FDU03,OUT049,3076.735777777778
FDC56,OUT010,260.0318888888889
NCO43,OUT027,2273.6330222222223
FDQ27,OUT017,1943.5441777777778
FDR03,OUT046,2417.9636666666665
DRH23,OUT010,184.94444444444446
FDG22,OUT045,885.5879777777778
NCJ42,OUT013,1726.9372444444443
FDR24,OUT046,2135.2205999999996
FDW60,OUT035,2692.273266666667
FDJ08,OUT013,2971.5393777777776
DRL59,OUT018,1577.1322444444443
FDG60,OUT010,197.37271111111113
FDW27,OUT017,2561.3325999999997
FDX14,OUT018,1143.0306444444443
FDC20,OUT013,695.761
NCS29,OUT018,2922.3441555555555
FDJ56,OUT046,1421.4090222222223
FDB20,OUT019,202.1072888888889
FDL28,OUT027,5985.098133333333
FDW01,OUT018,1940.2151777777779
FDL03,OUT046,1991.0379111111115
FDX22,OUT049,3670.7033555555554
FDJ21,OUT035,2346.2052222222223
FDR31,OUT045,2523.6039333333338
FDG21,OUT035,2674.5186000000003
FDS22,OUT027,1571.9538000000002
FDK08,OUT035,1550.2783111111112
FDE17,OUT018,1625.2917777777777
NCN30,OUT017,2235.8303777777783
FDT50,OUT046,1425.2558666666666
NCX42,OUT049,3372.4989333333333
FDJ12,OUT035,2897.7835333333333
NCA18,OUT027,3408.378155555556
FDP23,OUT019,361.6033777777778
FDX12,OUT013,3302.589933333333
FDN40,OUT018,2041.6387111111112
FDV48,OUT035,1435.3168444444445
NCY54,OUT013,3115.648088888889
FDL16,OUT010,218.90024444444444
FDR45,OUT018,2010.7160000000003
FDJ52,OUT046,2007.8308666666667
DRG01,OUT017,1196.5165777777777
FDP52,OUT013,3720.9342666666666
FDU58,OUT017,3176.3838444444445
FDL02,OUT045,2193.663044444444
FDG28,OUT013,3331.1453555555554
FDA19,OUT035,2174.7247333333335
FDW46,OUT027,1869.7883333333334
NCD43,OUT049,1578.981688888889
DRG39,OUT013,1104.5621999999998
NCF55,OUT049,1346.0996444444445
FDJ07,OUT046,2251.5136666666667
FDE08,OUT046,1787.2291333333333
FDP56,OUT019,206.25004444444443
FDT45,OUT045,899.8656888888888
FDF17,OUT018,3561.8820444444445
FDX44,OUT046,1951.1638888888888
FDM28,OUT027,5531.614355555556
FDI36,OUT049,3659.9765777777775
FDS07,OUT045,1794.0350888888888
FDD36,OUT045,1724.2740444444444
FDW11,OUT046,2243.302133333333
FDN40,OUT049,2140.916888888889
NCQ18,OUT049,2293.6070222222224
NCQ54,OUT017,2888.9062
NCS42,OUT045,1364.7420444444442
DRH39,OUT010,202.18126666666666
FDC09,OUT027,2826.6169111111108
FDT08,OUT010,463.6187333333333
FDC08,OUT035,3460.9023777777784
FDT20,OUT017,677.2665555555556
FDS35,OUT035,1959.079511111111
FDX58,OUT018,2707.5866666666666
FDW58,OUT046,2120.0551555555553
DRD27,OUT046,1240.6073333333331
FDH32,OUT019,214.60953333333333
FDS26,OUT035,4052.206755555556
FDQ31,OUT046,2218.297644444445
FDP11,OUT018,2946.534888888889
FDD58,OUT017,1591.2619999999997
FDM33,OUT045,3729.737622222222
FDZ16,OUT049,3388.8480222222224
NCS29,OUT010,459.6979111111111
NCM18,OUT019,150.61875555555557
FDP11,OUT049,2723.7878
NCC42,OUT017,2179.755222222222
DRM23,OUT046,3156.853711111111
NCN55,OUT027,3173.3507555555557
FDK46,OUT013,3204.643355555556
FDR01,OUT046,3352.894822222222
NCA05,OUT045,2098.3056888888887
NCP43,OUT017,2560.4448666666667
FDR12,OUT010,303.6787777777778
FDQ01,OUT013,2274.5947333333334
FDM13,OUT046,2400.1350222222222
FDQ19,OUT017,4303.879155555555
FDK56,OUT019,367.6695555555556
NCX06,OUT010,391.63835555555556
FDO56,OUT027,3529.035911111111
FDU45,OUT045,2099.489333333333
FDI16,OUT019,147.88157777777778
FDL32,OUT046,1836.7202666666667
FDA07,OUT046,2483.1380888888884
FDA14,OUT045,2546.685
FDV46,OUT027,3056.243933333333
NCO07,OUT035,2648.2564888888887
NCP41,OUT046,2067.3089999999997
FDY60,OUT018,2465.7533111111106
FDN38,OUT017,3094.342488888889
FDO15,OUT046,1528.6768
FDT60,OUT013,2495.3444222222224
FDA55,OUT035,3578.453066666667
FDE02,OUT010,226.37199999999999
DRJ39,OUT049,2905.5512
FDV34,OUT035,1535.8526444444444
FDS20,OUT027,3429.5357999999997
FDF02,OUT027,2691.6814444444444
FDW40,OUT017,2483.803888888889
NCB43,OUT046,2713.356933333334
FDR58,OUT017,1434.799
DRJ59,OUT035,1742.5465555555556
NCD30,OUT017,1749.5004666666666
FDE14,OUT017,1433.6893333333333
FDC28,OUT018,1345.951688888889
FDU16,OUT018,1358.3799555555554
NCD19,OUT035,1102.0469555555555
FDU21,OUT046,1176.9124666666667
FDV59,OUT027,5054.679622222222
FDU03,OUT045,2885.3552666666665
FDC33,OUT010,404.2145777777778
NCR42,OUT035,1282.2568222222224
DRH59,OUT035,1757.2681333333333
NCM31,OUT035,1891.4638222222222
FDS50,OUT035,2996.691822222222
FDP39,OUT046,1402.9145777777776
FDQ55,OUT013,2287.3189111111114
FDV36,OUT019,260.69768888888893
FDI05,OUT027,1889.0225555555558
FDS45,OUT027,2771.503466666667
FDA39,OUT045,1451.074111111111
FDC37,OUT010,185.61024444444445
FDJ60,OUT027,4631.0088888888895
DRQ35,OUT046,2166.8830888888892
NCJ06,OUT046,1853.8091333333334
NCY42,OUT018,2463.8298888888885
DRM37,OUT049,2629.688066666667
FDR14,OUT045,1003.2126444444443
FDE51,OUT049,1316.1386444444443
FDT33,OUT017,2493.4210000000003
FDR08,OUT013,2128.858511111111
FDE36,OUT010,166.37602222222222
FDL22,OUT019,291.6204
FDR44,OUT013,2496.6020444444443
FDI56,OUT019,210.6147333333333
FDE47,OUT010,260.3278
FDV27,OUT010,352.5041111111111
FDV10,OUT049,924.0564222222222
FDC40,OUT045,1386.4175333333333
NCX41,OUT013,3375.827933333333
NCQ38,OUT027,2707.8825777777774
FDV12,OUT027,3089.312
FDE52,OUT017,1451.8138888888889
FDG20,OUT027,5639.030088888889
FDV16,OUT027,1527.8630444444445
FDI32,OUT017,1850.7020666666665
FDJ32,OUT049,1224.480177777778
FDN39,OUT018,2352.0494666666664
FDY34,OUT017,3027.096688888889
FDC14,OUT035,1952.1256000000003
FDA55,OUT017,4913.530022222221
FDZ50,OUT010,536.1169555555556
DRG13,OUT049,2609.2702000000004
FDP01,OUT013,1707.407111111111
NCG54,OUT017,3470.1496
FDM13,OUT045,1905.2976666666666
NCO18,OUT027,4206.006555555556
NCW41,OUT013,2303.668
FDM52,OUT027,2894.7504444444444
NCF55,OUT035,1282.2568222222224
FDT09,OUT046,1904.1140222222223
NCM19,OUT035,2190.482
FDW12,OUT018,2023.5881333333334
FDP15,OUT019,277.4166666666667
FDK36,OUT045,1425.3298444444445
FDZ25,OUT035,2699.819
NCW06,OUT049,3618.992888888889
FDW60,OUT046,3372.868822222222
DRC49,OUT013,2750.2718444444445
NCT17,OUT035,3035.4561777777776
NCN06,OUT018,2364.329777777778
FDC45,OUT013,1629.508511111111
DRJ47,OUT019,287.84753333333333
NCF06,OUT045,4481.573777777779
FDE21,OUT010,248.78726666666665
DRG27,OUT013,1317.2483111111112
FDW40,OUT049,2735.994133333333
NCO53,OUT046,2657.429733333333
FDE23,OUT049,2294.6427111111107
FDQ16,OUT046,1608.3508666666667
FDS26,OUT045,4779.556266666666
FDZ13,OUT010,179.24815555555557
FDS14,OUT049,2265.199555555556
FDC10,OUT045,1727.8249777777776
FDY16,OUT049,2650.623777777778
FDJ20,OUT035,2918.1274222222223
FDV43,OUT035,1052.5558222222223
FDZ32,OUT027,2736.6599333333334
FDR23,OUT046,3187.9983555555555
FDN24,OUT035,1020.2275333333332
FDE34,OUT027,4982.8472
FDU31,OUT013,2434.0908222222224
FDW33,OUT018,1795.2187333333334
FDU26,OUT046,1897.6779555555559
FDE20,OUT027,4696.5532
NCW05,OUT035,1510.330311111111
FDB22,OUT018,1910.2541777777778
FDO56,OUT046,2144.763733333333
FDA19,OUT027,4359.954311111111
DRI39,OUT045,1249.1147777777776
FDH52,OUT018,1054.1833333333334
FDZ50,OUT035,3299.408888888889
NCN42,OUT035,2529.670111111111
FDB53,OUT013,2082.400466666667
DRG11,OUT017,2126.861111111111
DRK11,OUT027,3613.0746666666664
FDQ60,OUT017,2594.844533333334
FDT36,OUT017,906.2277777777778
DRG25,OUT018,2438.8253999999997
DRJ23,OUT046,3154.7823333333336
FDG05,OUT035,2703.0000444444445
NCK06,OUT018,2275.7044
FDU52,OUT017,2253.9549333333334
FDW07,OUT018,1216.638533333333
NCM17,OUT045,1002.9167333333332
FDA22,OUT045,2543.429977777778
NCA41,OUT018,2743.2439555555557
FDF38,OUT035,1846.2634000000003
FDH52,OUT046,1348.171022222222
FDY58,OUT019,488.4012888888889
FDZ16,OUT045,2926.338955555556
NCM18,OUT017,712.1840666666667
FDA22,OUT018,1826.8072444444447
NCJ43,OUT035,2568.878333333333
FDI34,OUT027,5276.095111111111
FDG56,OUT046,1632.6155777777776
FDS34,OUT046,1831.1719333333333
DRC01,OUT035,1466.3135333333335
FDQ04,OUT035,1335.4468444444444
FDK04,OUT035,1340.1814222222222
FDT51,OUT049,2121.756644444444
FDV26,OUT017,2936.6218666666664
FDS04,OUT049,2239.9731333333334
FDW43,OUT018,2959.3330444444446
FDQ28,OUT010,318.4743333333333
NCK06,OUT017,1730.1922666666667
FDS23,OUT018,2582.3422888888886
FDZ36,OUT019,492.9139333333334
FDE56,OUT018,1212.1258888888888
FDW10,OUT027,4141.349977777778
NCN14,OUT045,2233.6850222222224
NCQ18,OUT045,1763.5562444444445
FDW08,OUT017,1511.4399777777778
FDU43,OUT035,3578.453066666667
FDR33,OUT010,340.6676666666667
FDM24,OUT010,166.37602222222222
NCZ05,OUT046,2026.0294
NCV41,OUT035,2315.3564888888886
FDV11,OUT018,1695.1268
NCY05,OUT035,1356.6044888888891
FDV44,OUT018,2046.447266666667
FDW32,OUT049,1871.933688888889
NCU18,OUT027,4157.403155555555
NCC43,OUT035,3798.9068444444442
FDW19,OUT013,2162.740333333333
FDN31,OUT035,3408.6000888888893
FDI48,OUT045,1056.6246
FDS24,OUT017,1879.4794222222222
FDF46,OUT049,1964.1839777777777
DRG23,OUT017,2292.1274666666664
FDG14,OUT018,2444.891577777778
NCY30,OUT049,2771.3555111111114
FDO28,OUT018,1405.133911111111
DRD24,OUT035,2503.4080000000004
FDI33,OUT049,1924.0880222222222
FDN32,OUT046,2008.6446222222226
FDR16,OUT045,3568.392088888889
FDF26,OUT046,2452.8072
NCN29,OUT018,694.5033777777777
FDE20,OUT045,2842.448155555556
FDA46,OUT046,3244.3694222222225
FDU28,OUT045,2874.9244000000003
FDQ48,OUT045,1980.2371555555555
FDV36,OUT013,2113.6190888888887
FDR14,OUT018,1289.2107333333333
FDP23,OUT017,2217.705822222222
FDP56,OUT013,898.2381777777778
FDK48,OUT010,216.31102222222222
FDR48,OUT046,2750.271844444444
NCY29,OUT049,1029.1048666666666
FDM22,OUT018,745.1041777777777
DRJ01,OUT013,2856.9478
FDZ43,OUT045,4353.6662
FDV03,OUT035,2850.881622222222
FDX11,OUT027,4598.902533333334
NCA41,OUT027,4559.694311111111
FDE38,OUT017,2347.6108000000004
FDI27,OUT018,1264.7240888888891
FDN32,OUT013,3048.4762666666666
NCN43,OUT017,2081.1428444444446
FDB47,OUT027,5724.622377777778
FDV03,OUT017,2349.8301333333334
NCN30,OUT045,2471.4496000000004
NCV54,OUT010,274.30959999999993
FDV07,OUT013,1393.6673555555556
FDP07,OUT049,3363.1777333333334
FDK48,OUT018,1304.9679999999998
FDM15,OUT019,505.8600444444444
FDY19,OUT027,3962.7676222222226
FDK46,OUT046,3009.9338444444447
FDY11,OUT045,1380.943177777778
FDH09,OUT046,1278.040088888889
FDO08,OUT027,4165.022866666667
FDU14,OUT013,3240.152688888889
FDD22,OUT027,3636.3776666666663
FDM27,OUT017,2474.4087111111107
FDL02,OUT027,3138.2852888888888
NCA17,OUT035,2446.5930666666663
FDE38,OUT019,513.1838444444444
NCG07,OUT049,4215.1798
DRC27,OUT013,4668.145733333334
FDA27,OUT035,3636.229711111111
FDW40,OUT045,2227.7668
DRI11,OUT013,1532.597622222222
FDN50,OUT046,2001.5427555555555
FDR12,OUT046,3078.437266666667
FDT34,OUT027,3257.6854222222223
FDW11,OUT035,1931.0419333333334
NCO30,OUT027,4401.307888888889
FDZ34,OUT017,2543.429977777778
FDU45,OUT017,1864.6098888888891
NCD42,OUT035,1522.1667555555557
FDX25,OUT045,2188.188688888889
NCR29,OUT046,1347.5791999999997
FDX43,OUT019,545.7340666666668
FDB04,OUT010,219.27013333333332
FDR49,OUT027,2304.703688888889
FDS39,OUT018,1735.444688888889
FDW58,OUT045,1629.2865777777777
FDG22,OUT019,103.71684444444446
FDG31,OUT017,1615.0828444444444
NCV53,OUT027,5152.848133333333
DRJ37,OUT035,2517.3158222222223
FDV07,OUT035,1689.3565333333336
FDW52,OUT018,1840.1232444444443
FDT15,OUT045,2764.3276222222225
FDD02,OUT018,1466.6094444444445
FDM16,OUT035,1124.7581333333335
NCE55,OUT046,2678.587377777778
FDB57,OUT018,2959.3330444444446
FDQ04,OUT013,1439.3856222222223
FDQ47,OUT019,220.30582222222222
FDY14,OUT019,529.4589555555556
DRK37,OUT017,2642.5602
FDO25,OUT017,2687.982555555556
FDL57,OUT046,2855.6162
NCK29,OUT018,1376.0606444444445
FDK46,OUT027,5786.689733333333
NCB43,OUT010,539.1500444444443
DRE01,OUT027,4427.57
FDC46,OUT018,2820.3288000000002
FDQ23,OUT045,1362.1528222222223
FDX38,OUT049,1110.184511111111
FDG60,OUT018,1933.187288888889
FDW55,OUT017,4888.969399999999
FDP39,OUT013,1256.8084666666666
FDB20,OUT018,1221.9649333333334
FDV21,OUT017,1711.475888888889
FDZ02,OUT013,1571.8798222222222
FDP19,OUT027,3984.517088888888
FDA38,OUT035,4155.035866666667
FDH22,OUT045,2727.2647555555554
DRM11,OUT045,3012.2271555555553
FDO12,OUT027,4322.8914444444445
FDT14,OUT049,2034.3149111111109
FDW34,OUT010,506.15595555555564
FDG04,OUT027,5496.400933333333
FDW59,OUT018,2112.5834
FDR33,OUT018,1834.7968444444446
FDP32,OUT013,1899.2314888888889
FDL13,OUT027,4164.726955555556
FDD22,OUT013,1617.8200222222222
FDV40,OUT027,2090.242111111111
NCD55,OUT046,1848.2608
FDQ20,OUT010,210.83666666666667
FDD28,OUT045,932.12
FDC39,OUT045,2872.6310888888893
NCR17,OUT049,1619.2256
DRO35,OUT018,1703.9301555555555
FDF40,OUT049,3271.9631333333327
FDR31,OUT018,1364.6680666666666
NCQ41,OUT017,2612.821133333333
FDP38,OUT046,1679.1475999999998
NCU54,OUT027,5860.593533333335
FDG22,OUT018,1037.242422222222
DRK59,OUT013,3314.204444444444
FDC37,OUT046,1987.6349333333335
NCO42,OUT013,2690.127911111111
NCT42,OUT017,2109.846222222222
FDX27,OUT035,2360.334977777778
FDV40,OUT018,1129.4187333333334
FDT45,OUT027,2082.4744444444445
FDS47,OUT019,396.59486666666663
FDR45,OUT035,4279.170577777778
FDB03,OUT045,3574.3842888888885
FDO49,OUT035,2216.966044444444
FDU60,OUT027,4631.0088888888895
FDB26,OUT018,1115.8808
FDB46,OUT017,3223.9515555555554
FDQ37,OUT019,384.98035555555555
FDN03,OUT017,3198.2072888888893
NCX30,OUT045,3260.052711111111
FDK32,OUT019,355.0933333333333
DRM47,OUT013,3128.5942
NCO02,OUT046,1713.9171555555556
FDP04,OUT013,981.6851111111113
NCO43,OUT049,2374.612688888889
FDD59,OUT013,1651.1100222222221
FDQ10,OUT017,2993.732711111111
FDW45,OUT035,2951.3434444444447
NCK30,OUT049,3710.2074888888883
FDU31,OUT018,2221.8485777777773
NCQ17,OUT019,324.0226666666666
FDN01,OUT017,1972.321533333333
FDZ19,OUT049,3021.4743777777776
DRG37,OUT017,2335.478444444444
FDE32,OUT045,1386.1216222222222
FDO34,OUT049,2612.3032888888893
FDM04,OUT019,194.63553333333337
FDZ25,OUT049,2305.0735777777777
FDU08,OUT049,1569.8084444444444
NCW30,OUT045,4481.573777777779
NCM18,OUT013,1228.1790666666666
FDS22,OUT035,1236.686511111111
NCH18,OUT017,4155.701666666666
FDC23,OUT013,2459.761111111111
FDY46,OUT013,2696.4900000000002
NCU06,OUT046,3290.3835999999997
FDX57,OUT045,1619.8913999999997
FDX36,OUT027,5430.042866666667
FDL16,OUT045,896.6846444444444
FDT16,OUT010,372.7000444444445
FDN16,OUT018,1228.105088888889
FDC03,OUT046,4129.217622222222
DRF60,OUT013,4681.165822222221
FDS27,OUT027,5710.196711111112
FDP33,OUT010,447.3436222222222
FDJ36,OUT018,1290.4683555555557
NCR42,OUT013,722.9848222222222
FDV14,OUT017,1242.0868888888888
NCP42,OUT035,3141.6882666666666
FDB50,OUT027,2668.2304888888884
NCC30,OUT027,4294.631933333333
FDA23,OUT018,1399.067733333333
FDW16,OUT017,1543.1024666666665
FDQ52,OUT010,401.62535555555553
FDB58,OUT049,2284.5817333333334
NCP29,OUT049,1409.9424666666666
NCM05,OUT045,3312.7988666666665
FDO25,OUT013,4102.881533333333
NCM54,OUT046,1867.1991111111113
NCL54,OUT046,2533.8128666666667
FDL39,OUT010,411.0205333333334
FDF53,OUT018,1638.5338000000002
NCQ42,OUT035,2210.7519111111114
FDF58,OUT013,1729.378511111111
FDZ04,OUT035,1372.4357333333335
FDE26,OUT019,481.4473777777778
FDS60,OUT017,2025.0676888888893
FDV58,OUT017,2674.888488888889
FDM04,OUT045,938.778
FDE08,OUT035,2642.5602
NCB43,OUT049,2762.0343111111115
FDU11,OUT010,496.5388444444444
FDF22,OUT019,495.87304444444453
FDE24,OUT013,2298.119666666667
DRJ49,OUT046,1983.8620666666668
NCQ53,OUT035,3114.4644444444443
NCL41,OUT013,1060.323488888889
FDR22,OUT013,2513.2470444444443
FDH04,OUT035,1220.2634444444445
DRH15,OUT045,1453.1454888888886
FDY40,OUT049,1467.1272888888889
NCI17,OUT035,2029.7282888888888
NCC18,OUT013,3090.4216666666666
FDY28,OUT027,5206.703955555557
FDB45,OUT027,3328.482155555556
NCL30,OUT018,1830.8020444444442
FDM10,OUT017,3110.913511111111
FDH22,OUT027,3401.9420888888894
NCZ53,OUT017,2983.005933333333
NCI18,OUT013,3893.0065777777772
FDH14,OUT027,4020.1004
FDR36,OUT027,2354.1208444444446
FDW01,OUT045,2693.974755555556
FDK02,OUT027,3101.9622
FDJ02,OUT018,1537.998
FDU55,OUT013,4430.825022222222
NCV18,OUT027,2417.593777777778
FDH14,OUT018,1537.998
FDZ37,OUT045,1354.9769777777776
FDX49,OUT049,3395.136133333333
NCD43,OUT046,2121.8306222222222
FDZ07,OUT013,1212.5697555555555
FDK43,OUT035,2208.532577777778
FDR32,OUT018,2818.0354888888887
FDT39,OUT013,1821.9247111111113
NCV54,OUT017,2065.6075111111113
FDF38,OUT018,984.7921777777779
FDV60,OUT046,3498.852977777778
FDH44,OUT027,4354.627911111111
FDS21,OUT046,1268.5709333333334
NCL41,OUT045,904.2303777777777
FDM46,OUT017,1452.8495777777778
FDU27,OUT045,1383.3844444444444
NCJ54,OUT017,3760.6603333333333
DRG51,OUT018,2287.8367555555556
NCA29,OUT019,347.6955555555556
FDR47,OUT045,2742.652133333333
NCL19,OUT027,3173.350755555555
DRG01,OUT049,1370.4383333333333
FDG10,OUT046,1005.9498222222222
NCV05,OUT049,2203.502088888889
NCH18,OUT019,374.8454
FDV14,OUT018,1331.9698888888888
DRJ23,OUT035,2157.561888888889
DRJ11,OUT046,2382.0844444444447
FDZ03,OUT017,4442.069644444445
FDI27,OUT010,219.27013333333335
FDJ14,OUT018,1208.796888888889
FDU32,OUT017,1253.7753777777777
FDD47,OUT027,3039.303022222223
DRF36,OUT035,3048.9201333333335
FDM21,OUT046,3502.847777777778
FDV10,OUT018,1159.1578
FDH60,OUT018,2867.526622222222
FDX47,OUT010,400.2197777777778
FDT19,OUT019,402.2171777777778
FDO11,OUT045,3625.650888888889
FDH24,OUT027,3441.8900888888893
FDL02,OUT018,1455.142888888889
FDB02,OUT049,3002.0182222222224
FDA43,OUT046,3127.2626
FDG52,OUT045,800.3655777777777
DRC12,OUT013,3025.0992888888886
FDY37,OUT018,1718.1338888888888
NCU18,OUT045,2128.7845333333335
FDU09,OUT035,1418.0060444444446
DRJ25,OUT027,1675.5966666666668
DRE12,OUT018,2125.529511111111
DRL47,OUT017,2249.664222222222
DRK01,OUT046,1612.0497555555555
FDC22,OUT019,356.05504444444443
FDG44,OUT013,1059.0658666666668
FDW04,OUT035,1831.7637555555557
FDK09,OUT049,3384.1134444444447
NCN43,OUT035,2190.482
FDG04,OUT049,3169.5039111111114
FDH32,OUT010,210.6887111111111
DRI47,OUT017,2977.9754444444443
DRE15,OUT013,1260.9512222222222
FDY11,OUT035,1744.9138444444445
FDO60,OUT049,1987.413
FDQ20,OUT018,787.1235555555555
FDO57,OUT027,4038.668822222222
FDT14,OUT019,445.9380444444444
FDA57,OUT049,1569.7344666666665
DRN35,OUT017,1369.3286666666668
FDJ03,OUT046,1119.4317333333333
FDX28,OUT017,1671.6758444444445
DRE25,OUT045,1114.253288888889
FDR09,OUT046,3192.2150888888887
FDB23,OUT035,3057.575533333333
FDO08,OUT045,2574.6486
FDQ23,OUT049,2497.8596666666663
FDW04,OUT013,1849.074555555556
DRK13,OUT010,458.0704
NCL17,OUT027,2946.682844444445
FDY21,OUT035,3721.082222222222
FDJ38,OUT027,4625.904422222223
FDA37,OUT019,420.5636666666667
FDV43,OUT013,1023.0386888888889
FDL36,OUT046,1747.5030666666667
FDD53,OUT045,728.5331555555555
FDZ19,OUT010,324.9843777777778
FDV21,OUT045,1445.0079333333333
NCL54,OUT018,2617.2598000000003
DRI47,OUT027,4035.191866666666
DRG03,OUT049,2420.922777777778
FDG21,OUT013,3652.800733333333
FDW03,OUT018,1963.8140888888888
NCI55,OUT046,1903.3002666666669
DRC36,OUT019,597.8144222222222
FDH22,OUT017,2491.2016666666664
FDV20,OUT045,2036.0903777777776
NCU41,OUT027,4794.499777777778
FDN46,OUT027,3159.812822222222
FDK50,OUT045,1999.8412666666668
NCA05,OUT027,3721.1562
DRH01,OUT018,2574.2047333333335
FDT08,OUT018,2170.8778888888896
FDM08,OUT018,2329.782155555555
FDZ07,OUT035,1250.5203555555554
FDS22,OUT017,843.3466666666666
FDV35,OUT027,4914.491733333332
FDI28,OUT010,192.4162
FDW58,OUT027,2708.104511111111
FDT52,OUT045,4088.8257555555556
FDY34,OUT046,2103.632088888889
FDR10,OUT046,2558.0036
FDK57,OUT017,1427.6231555555553
FDR02,OUT027,2431.7235333333333
FDX49,OUT046,3207.8243999999995
FDQ20,OUT046,1612.0497555555555
DRK23,OUT045,2868.5623111111113
NCW06,OUT046,2600.688777777778
FDR31,OUT017,2649.2182000000003
NCE43,OUT013,3243.703622222222
DRO59,OUT027,2091.351777777778
FDN09,OUT049,3841.3700888888893
FDR11,OUT046,2607.2728
FDO57,OUT013,2669.3401555555556
NCX18,OUT017,3704.585177777777
FDB05,OUT018,3790.473377777778
FDQ08,OUT018,995.1490666666666
NCG43,OUT035,2050.2201333333337
FDJ56,OUT013,1595.2568
FDA13,OUT010,234.65751111111115
FDO56,OUT017,1836.572311111111
FDB37,OUT018,2787.630622222222
FDZ02,OUT018,1264.724088888889
FDQ24,OUT046,3068.6722000000004
FDM16,OUT013,1229.2887333333335
FDU35,OUT049,2497.8596666666667
FDT35,OUT035,2036.5342444444443
NCX30,OUT049,3603.531533333333
FDG04,OUT017,3106.9187111111114
FDI12,OUT035,1395.2208888888888
FDE35,OUT035,2243.2281555555555
NCP14,OUT027,2983.893666666667
NCY53,OUT045,1514.7689777777778
FDP49,OUT017,1983.4182
FDQ04,OUT017,1068.4610444444445
FDM39,OUT035,3645.9208
FDO58,OUT019,388.6052666666667
FDC56,OUT017,1636.9062888888889
NCQ54,OUT046,2363.2201111111112
FDV10,OUT027,1372.1398222222222
NCK17,OUT046,1077.1164444444446
NCF55,OUT027,1187.9351555555554
FDV33,OUT013,3515.424
NCH29,OUT019,331.71635555555554
FDA37,OUT027,3342.907822222222
FDH46,OUT018,1291.4300666666668
FDS25,OUT035,2110.8819111111106
FDH04,OUT027,2987.5925555555555
FDX52,OUT046,3555.076088888889
NCD42,OUT017,718.0283111111111
FDW47,OUT017,1421.1870888888889
FDL25,OUT027,3397.5774
NCJ06,OUT010,254.0396888888889
FDY09,OUT013,3505.584955555555
FDS40,OUT046,990.340511111111
FDH41,OUT017,3840.8522444444443
FDG38,OUT035,2028.9885111111112
FDU03,OUT027,5023.83088888889
FDV20,OUT046,2242.044511111111
DRB13,OUT045,2164.885688888889
NCQ30,OUT013,1716.0625111111112
NCH06,OUT013,4285.902555555555
FDU50,OUT018,1705.5576666666668
NCO42,OUT019,349.7669333333333
FDW09,OUT018,745.1041777777777
FDH04,OUT013,1141.0332444444443
FDC21,OUT045,1461.431
FDL21,OUT049,1328.7148666666667
FDM46,OUT010,318.47433333333333
FDT22,OUT019,272.8300444444445
FDB28,OUT035,4155.035866666667
FDI12,OUT018,1111.6640666666667
FDA28,OUT045,2138.7715333333335
FDF59,OUT013,2125.751444444444
FDM45,OUT027,3295.9319333333333
FDQ56,OUT017,1118.544
FDR46,OUT049,2690.6457555555558
FDT01,OUT013,2942.0222444444444
FDD16,OUT027,1564.703977777778
NCU30,OUT010,335.3412666666666
FDM40,OUT010,243.9047333333333
FDI56,OUT035,1766.6633111111112
NCS30,OUT013,2425.5094
FDU08,OUT017,1199.1797777777776
FDX51,OUT027,5710.196711111112
FDA43,OUT045,1709.0346222222224
FDX59,OUT010,404.88037777777777
FDC37,OUT018,1219.9675333333334
FDP58,OUT013,3524.301333333334
NCY42,OUT035,2537.2158444444444
FDF21,OUT018,2139.659266666667
FDU10,OUT027,1418.0800222222222
DRL47,OUT018,1955.380622222222
FDA58,OUT018,2010.716
FDJ22,OUT049,2819.145155555556
FDK50,OUT046,2944.3155555555554
FDO38,OUT035,1363.188511111111
DRF60,OUT035,3143.9076000000005
NCZ42,OUT019,327.86951111111114
FDD35,OUT049,2439.713133333333
FDL25,OUT045,2348.7944444444443
FDJ16,OUT013,1330.9342000000001
DRK59,OUT049,3065.861044444444
FDI50,OUT046,3450.2495777777776
NCB19,OUT045,1859.1355333333331
DRI37,OUT035,1082.1469333333334
FDA14,OUT027,4011.2230666666665
FDC08,OUT018,2971.095511111111
FDS45,OUT046,1644.6739555555557
FDI21,OUT049,988.7869777777778
DRJ47,OUT035,2157.561888888889
DRE37,OUT027,4235.005844444444
FDT55,OUT018,1829.2485111111112
NCG42,OUT027,3989.547577777778
FDA31,OUT049,3021.474377777778
NCW42,OUT046,2733.109
FDF50,OUT017,2099.711266666667
FDK56,OUT049,3118.6811777777775
FDX10,OUT035,1306.3735777777777
NCK07,OUT027,3173.3507555555557
FDZ49,OUT017,2959.6289555555554
FDR33,OUT013,1535.7046888888888
FDO44,OUT018,1161.0072444444445
FDA20,OUT046,3670.3334666666665
NCL30,OUT045,1549.9084222222223
FDI05,OUT019,146.69793333333334
FDQ12,OUT018,2208.3846222222223
FDH47,OUT017,1277.1523555555555
FDH34,OUT018,2139.289377777778
FDF29,OUT046,2279.773177777778
FDG40,OUT018,772.9198222222223
NCE18,OUT017,4262.303644444444
FDP21,OUT010,436.0250222222222
FDY50,OUT013,1294.611111111111
FDB36,OUT049,2380.161022222222
NCZ29,OUT049,1729.8963555555556
FDU20,OUT018,1435.4648
FDO56,OUT013,2153.493111111111
FDW31,OUT049,3193.768622222222
DRH59,OUT013,1590.3742666666667
NCB30,OUT017,3362.216022222222
FDK43,OUT027,3811.8529555555556
FDW43,OUT045,3736.395622222222
NCL19,OUT017,2326.971
FDJ27,OUT046,1528.6768
FDC45,OUT046,2819.071177777778
FDY40,OUT035,1036.0587777777778
NCM41,OUT035,1830.2841999999998
NCK18,OUT019,356.7948222222222
FDP37,OUT049,2420.4789111111113
FDA27,OUT027,6319.6996222222215
NCX30,OUT035,3489.6057555555553
FDR09,OUT017,3469.9276666666665
FDG08,OUT027,5432.780044444445
NCU30,OUT013,2494.456688888889
FDB16,OUT017,1548.354888888889
FDM16,OUT017,1218.2660444444443
FDC48,OUT013,1159.6756444444445
NCF18,OUT046,2637.5297111111113
FDU46,OUT018,1593.333377777778
FDH41,OUT018,3844.773066666666
NCN42,OUT010,296.5769111111111
FDU49,OUT046,2139.659266666667
FDB20,OUT027,2469.008333333333
FDG50,OUT019,337.63457777777774
FDW20,OUT045,2120.7949333333336
NCO55,OUT049,2035.7944666666672
FDX48,OUT046,2756.2640444444446
FDU48,OUT046,2133.9629777777777
FDR48,OUT019,243.23893333333334
FDK27,OUT013,2075.6684888888885
FDT35,OUT013,2096.456244444444
FDN12,OUT049,1453.3674222222223
NCE31,OUT019,214.7574888888889
FDL21,OUT017,884.9221777777778
FDV56,OUT017,1273.6014222222223
FDR16,OUT017,3121.8622222222225
NCP41,OUT049,1811.4198666666666
FDJ27,OUT013,2009.0145111111112
FDA07,OUT017,2203.9459555555554
FDK55,OUT049,1394.8509999999999
FDM33,OUT049,3181.7842222222225
FDY46,OUT046,2598.0995555555555
FDD36,OUT046,1861.5768
FDB12,OUT027,2524.787577777778
FDF28,OUT019,257.2207333333333
NCE07,OUT019,339.41004444444445
FDW50,OUT027,4776.9670444444455
NCW18,OUT017,3122.897911111111
NCJ17,OUT019,189.90095555555556
DRZ24,OUT010,393.78371111111113
FDS07,OUT035,2034.388888888889
NCW05,OUT010,259.95791111111106
FDZ22,OUT018,1434.503088888889
FDK02,OUT046,2417.371844444445
FDZ45,OUT027,5327.0658
FDL25,OUT046,1661.4669111111114
FDS08,OUT045,2293.089177777778
NCZ42,OUT027,7353.687022222222
FDX57,OUT035,1094.945088888889
FDF21,OUT046,2513.542955555555
FDJ56,OUT018,1409.202688888889
FDX10,OUT013,1650.148311111111
DRG48,OUT035,2030.4680666666666
DRN37,OUT046,1836.4983333333334
NCY41,OUT018,735.2651333333333
FDN28,OUT045,1532.2277333333334
FDE34,OUT045,2030.7639777777779
FDR10,OUT045,2569.840044444444
FDC32,OUT017,1668.7167333333334
DRG13,OUT046,2373.503022222222
FDP59,OUT049,1994.6628222222223
NCT53,OUT010,467.39160000000004
FDL57,OUT027,5652.198133333334
FDN32,OUT010,426.0380222222223
FDK09,OUT018,3042.188155555555
FDA52,OUT010,399.1840888888889
FDC57,OUT049,3169.0600444444444
FDI09,OUT035,3814.5161555555555
NCB07,OUT046,2553.7128888888888
FDP26,OUT035,1609.164622222222
FDP40,OUT027,3376.0498666666667
FDL15,OUT013,2805.4592666666667
FDV07,OUT046,2411.4536222222223
FDS03,OUT017,1530.304311111111
FDE50,OUT049,1998.3617111111114
FDQ15,OUT017,1471.4180000000001
FDQ33,OUT010,432.9179555555556
FDT22,OUT013,1404.3941333333332
DRO35,OUT035,2196.4002222222225
FDJ41,OUT049,4713.272177777779
FDQ27,OUT035,2415.3004666666666
FDC26,OUT017,2284.285822222222
NCF43,OUT027,3578.5270444444445
NCR50,OUT035,2529.6701111111115
FDE39,OUT018,1676.780311111111
FDN49,OUT027,3178.0853333333334
DRG11,OUT035,1910.1802
NCA18,OUT049,1653.5512888888888
FDM36,OUT018,3251.2493555555557
FDW32,OUT017,1091.4681333333333
NCQ18,OUT010,369.66695555555555
FDX14,OUT027,2251.5876444444443
FDD46,OUT017,1362.596688888889
FDI34,OUT019,512.3700888888889
NCJ17,OUT035,1977.2040666666664
FDB52,OUT035,3299.8527555555556
FDV55,OUT018,2122.8663111111114
FDC57,OUT046,2776.9038444444445
FDB29,OUT046,1903.1523111111107
NCO43,OUT035,2121.090844444445
FDG44,OUT045,877.5244
FDJ34,OUT045,2027.5089555555558
FDH40,OUT049,1094.5752000000002
NCD07,OUT027,3291.2713333333336
FDB41,OUT017,918.6560444444444
FDH47,OUT018,1643.3423555555555
DRK37,OUT035,2555.8582444444446
FDM25,OUT019,356.5728888888889
NCX06,OUT045,2592.255311111111
NCS05,OUT017,2222.4404
FDS39,OUT045,1993.8490666666669
FDC47,OUT027,6134.089377777778
FDG20,OUT013,3384.779244444445
DRL23,OUT017,1451.3700222222221
FDY33,OUT013,3485.0931111111113
NCH18,OUT045,3785.7388
FDX47,OUT035,3076.957711111111
NCB06,OUT045,2368.324577777778
FDP36,OUT049,1357.5662
FDW44,OUT018,2072.7833555555558
NCU41,OUT018,3021.3264222222224
NCS17,OUT046,1923.1263111111111
FDD46,OUT035,2414.486711111111
FDE45,OUT017,2617.999577777778
FDI09,OUT017,3603.753466666667
NCJ54,OUT010,689.1030000000001
NCA29,OUT018,2335.7003777777777
NCN41,OUT027,3771.757
FDY34,OUT035,2581.084666666667
NCG55,OUT035,2108.5146222222224
DRM49,OUT046,1144.8800888888888
NCB42,OUT049,1648.2988666666668
FDE58,OUT045,1693.0554222222222
DRJ25,OUT013,1197.4043111111112
FDS47,OUT010,439.2060666666667
FDY21,OUT049,3111.2094222222217
NCI54,OUT013,1917.2080888888886
FDO24,OUT017,2700.8546888888886
FDY43,OUT035,3156.779733333333
FDF35,OUT018,1615.9705777777776
NCP29,OUT019,141.5194888888889
FDN28,OUT027,3027.244644444445
FDJ50,OUT018,1383.8283111111111
FDQ14,OUT027,4011.2230666666665
FDC37,OUT035,1462.7626
FDN08,OUT046,2373.2810888888885
FDD04,OUT035,2295.8263555555554
FDW34,OUT018,2010.716
FDP04,OUT017,739.7038000000001
NCG07,OUT017,3251.989133333334
NCN14,OUT018,2113.3231777777783
FDJ16,OUT045,942.9207555555555
NCM42,OUT045,1460.3213333333335
NCF19,OUT046,1083.3305777777778
FDY21,OUT018,3097.0796666666665
FDY19,OUT035,2172.357444444444
FDV09,OUT045,2146.169311111111
FDA28,OUT013,2260.243044444445
FDC38,OUT018,1413.7153333333333
FDL28,OUT045,3924.521111111111
NCH43,OUT049,4608.4456666666665
NCN53,OUT045,1222.8526666666667
NCW05,OUT017,2339.6211999999996
NCO30,OUT018,2340.4349555555555
FDT04,OUT019,123.24697777777777
FDB27,OUT018,2380.235
NCK07,OUT013,2512.8771555555554
NCA53,OUT013,1162.190888888889
FDB33,OUT018,1741.8807555555554
FDU37,OUT017,1515.2128444444445
FDR13,OUT035,2095.198622222222
FDE45,OUT049,3134.6603777777777
FDV37,OUT017,3246.5147777777775
FDX44,OUT019,261.7333777777778
NCL06,OUT017,3253.6906222222224
FDJ28,OUT045,2745.7591999999995
FDX55,OUT049,3994.5040888888884
NCK17,OUT018,943.1426888888886
FDH52,OUT035,1026.5156444444447
FDN13,OUT027,4252.83448888889
FDK44,OUT018,2060.946911111111
FDU16,OUT046,1366.591488888889
FDZ07,OUT017,1075.267
NCN06,OUT027,4953.256088888888
FDH02,OUT010,213.86975555555557
NCW18,OUT045,3019.7728888888887
FDH57,OUT013,1461.7269111111113
FDV35,OUT045,2177.313955555556
NCU29,OUT013,1737.8859555555555
NCP02,OUT046,1743.9521333333332
FDN44,OUT013,2693.4569111111105
FDX03,OUT018,1250.7422888888889
FDR11,OUT010,413.09191111111113
FDA36,OUT046,2097.7878444444445
FDP58,OUT027,5746.0019555555555
FDH31,OUT045,1366.147622222222
FDH34,OUT035,2925.3772444444444
FDS13,OUT035,3173.5726888888885
FDT01,OUT018,2598.099555555555
FDY09,OUT049,2124.493822222222
FDV33,OUT027,5361.0216
NCW29,OUT010,375.1413111111111
NCN17,OUT045,2012.2695333333334
FDX01,OUT046,2120.277088888889
FDL03,OUT049,2869.8199333333337
DRL59,OUT049,1535.630711111111
DRM11,OUT027,4620.356088888889
FDA43,OUT049,3452.9127777777776
FDZ56,OUT010,500.90353333333326
FDI44,OUT018,1127.2733777777778
FDB50,OUT013,1784.4919555555555
FDU15,OUT019,208.54335555555556
NCJ19,OUT019,144.1826888888889
FDD48,OUT013,1812.0856666666668
NCW42,OUT035,3022.2141555555554
FDL24,OUT017,2649.0702444444446
NCB30,OUT013,3409.4878222222223
FDK25,OUT013,1785.971511111111
FDW28,OUT049,3328.1122666666665
FDD47,OUT017,2052.143555555556
FDK16,OUT019,153.35593333333335
FDW37,OUT046,1859.875311111111
FDA48,OUT035,2685.6892444444447
FDA14,OUT017,2532.481266666667
FDV15,OUT013,2013.0832888888888
FDN22,OUT049,3806.3046222222224
NCD55,OUT045,951.4282000000001
FDY43,OUT013,2112.5094222222224
NCU05,OUT017,1481.4789777777778
FDF10,OUT035,2223.476088888889
FDR39,OUT018,1981.716711111111
FDG40,OUT013,947.6553333333335
FDZ28,OUT019,257.1467555555556
FDE02,OUT045,1765.1837555555555
FDU60,OUT049,2881.212511111111
FDM21,OUT013,2988.998133333333
FDV52,OUT019,318.40035555555556
NCW06,OUT013,2880.842622222222
FDX36,OUT035,2924.1936000000005
FDT35,OUT027,3887.976088888889
NCL19,OUT010,398.37033333333335
NCD31,OUT046,2391.9234888888886
FDE53,OUT019,219.8619555555555
FDW58,OUT019,414.94135555555556
DRF48,OUT046,2232.723311111111
FDW57,OUT035,2703.517888888889
DRH13,OUT017,1786.2674222222222
FDT33,OUT013,2453.9908444444445
DRK47,OUT027,4620.356088888889
FDY22,OUT010,341.0375555555555
FDC35,OUT019,512.0741777777778
FDO03,OUT013,3027.836466666666
FDF24,OUT045,1683.5122888888889
FDF56,OUT018,2856.2080222222226
FDD28,OUT013,1121.4291333333335
FDG53,OUT027,2670.5977777777775
FDO27,OUT019,510.74257777777774
NCF54,OUT018,2100.0071777777775
FDC20,OUT027,1213.9753333333333
FDU10,OUT046,1323.6843777777779
DRA24,OUT018,2017.8918444444441
FDA02,OUT010,268.76126666666664
FDG10,OUT017,1603.1724222222222
FDW39,OUT010,652.5579777777779
FDP04,OUT019,180.43179999999998
NCM55,OUT013,2860.1288444444444
FDG47,OUT045,3196.949666666667
NCU41,OUT017,2590.923711111111
NCK31,OUT017,1148.3570444444445
FDZ46,OUT045,1510.7002000000002
FDU13,OUT027,3201.092422222222
NCF19,OUT045,951.4282000000001
NCJ43,OUT013,2731.2595555555554
NCJ05,OUT045,2074.706777777778
FDS04,OUT027,3604.3452888888883
FDX28,OUT010,301.7553555555556
FDB41,OUT027,1650.5182
FDG53,OUT046,2294.7166888888887
FDL15,OUT010,388.8272
FDQ08,OUT049,1658.2858666666666
DRN36,OUT013,1572.0277777777778
FDI46,OUT013,3048.402288888889
FDG16,OUT027,5847.277533333333
FDV32,OUT013,1075.9328
FDF44,OUT010,224.0786888888889
FDK04,OUT018,1137.112422222222
NCA41,OUT013,2689.3881333333334
FDD51,OUT017,986.5676444444445
NCZ53,OUT045,2775.646222222222
FDP01,OUT027,3804.307222222222
FDY25,OUT049,2860.054866666667
FDB17,OUT018,2041.4167777777777
NCV54,OUT018,2191.2217777777782
FDJ32,OUT017,849.3388666666666
FDA37,OUT049,1997.6219333333331
FDG35,OUT035,2798.653311111111
NCM05,OUT018,2771.355511111111
FDG45,OUT046,3984.665044444444
FDH28,OUT013,1060.989288888889
NCE18,OUT049,4068.259933333333
FDH38,OUT045,1688.6907333333334
FDR56,OUT013,3672.404844444444
FDH17,OUT027,2987.592555555556
FDD39,OUT049,2889.4980222222225
FDB41,OUT049,1588.7467555555556
NCR53,OUT046,3359.2569111111106
FDX46,OUT017,874.4173333333333
FDV28,OUT049,1467.1272888888889
FDA08,OUT018,1849.6663777777778
FDH45,OUT017,1040.6454
NCS38,OUT010,308.7832444444445
FDD40,OUT010,477.4525777777778
DRM59,OUT035,3039.1550666666667
NCJ43,OUT018,2387.3368666666665
NCN29,OUT013,945.7319111111113
NCC19,OUT045,2562.368288888889
FDR56,OUT035,2786.3730000000005
FDZ43,OUT049,3665.9687777777776
FDJ32,OUT010,218.9002444444444
DRH03,OUT017,1520.4652666666666
NCZ54,OUT035,3845.586822222222
FDE26,OUT017,2677.1818000000003
FDS03,OUT045,1547.2452222222223
DRZ24,OUT019,231.3285111111111
FDO48,OUT027,4922.111444444444
FDW39,OUT049,2689.3881333333334
NCK05,OUT049,1354.7550444444444
NCK30,OUT017,2457.3198444444447
FDT27,OUT018,3929.2556888888885
FDS08,OUT019,452.67002222222226
NCJ19,OUT049,2034.9067333333332
FDC58,OUT045,1058.178133333333
DRE37,OUT013,3360.884422222222
FDW02,OUT035,1864.535911111111
FDJ02,OUT010,209.28313333333335
FDX09,OUT045,2207.2749555555556
FDT31,OUT010,392.2301777777777
FDI24,OUT049,2388.8903999999998
FDY09,OUT045,2727.5606666666663
FDV28,OUT045,1227.5872444444444
DRM47,OUT049,3097.8194444444443
FDT52,OUT019,425.89006666666666
FDI48,OUT018,1077.1164444444446
FDY55,OUT017,4290.711111111112
FDU48,OUT013,2113.6190888888887
FDN25,OUT045,2461.758511111111
FDP20,OUT049,2364.477733333333
FDJ15,OUT013,3212.9288666666666
FDD04,OUT018,2029.8022666666666
FDY58,OUT045,3883.8333333333335
FDR37,OUT018,1769.1045777777774
FDF44,OUT013,2344.9476
FDD32,OUT045,1348.3929555555555
FDR57,OUT017,2879.7329555555557
DRG39,OUT027,1802.246622222222
FDX15,OUT017,2564.4396666666667
DRN37,OUT045,2202.9102666666668
FDW40,OUT027,3907.2103111111114
FDB32,OUT049,1856.7682444444445
FDM40,OUT018,1789.374488888889
FDE39,OUT027,2846.5909111111114
DRH49,OUT017,1525.8656444444443
FDT46,OUT049,1410.0164444444445
NCF06,OUT035,3902.3277777777785
FDP07,OUT017,3142.132133333334
FDC04,OUT013,3386.184822222222
FDZ32,OUT017,1809.2005333333334
FDD50,OUT045,3117.4235555555556
FDU56,OUT017,3176.5318
FDV34,OUT017,1020.4494666666665
NCY41,OUT013,1884.1400222222223
NCK18,OUT046,2209.1243999999997
DRH25,OUT049,1392.779622222222
FDT57,OUT046,3144.6473777777774
FDV56,OUT018,1102.194911111111
FDV12,OUT045,1813.861133333333
FDN52,OUT017,1385.6037777777779
FDX38,OUT035,1259.5456444444444
FDE47,OUT018,1685.213777777778
NCO07,OUT013,2512.877155555556
FDV09,OUT027,3473.256666666666
FDZ23,OUT019,492.9139333333334
DRH51,OUT018,1051.594111111111
NCY54,OUT045,2711.3595333333333
DRG49,OUT013,3742.9796444444446
NCC19,OUT049,3433.5306
NCV53,OUT045,3566.4686666666666
FDZ47,OUT019,358.42233333333337
NCO26,OUT018,2211.7876
NCP02,OUT045,1169.9585555555557
NCW30,OUT018,2218.9634444444437
NCN55,OUT046,2168.6585555555557
FDB20,OUT010,210.83666666666667
DRL11,OUT013,2666.011155555555
DRD60,OUT045,2032.5394444444444
FDW14,OUT010,219.27013333333332
FDL27,OUT010,267.9475111111111
FDU09,OUT018,1159.1578
DRH36,OUT027,1872.7474444444442
FDP34,OUT027,3109.1380444444444
FDE04,OUT017,3213.372733333333
FDZ57,OUT027,3534.7322000000004
FDF02,OUT010,233.03
FDG28,OUT045,4088.8257555555556
NCI31,OUT046,1178.6879333333334
FDT43,OUT013,1295.1289555555556
FDU20,OUT046,2272.8932444444445
FDD53,OUT013,1163.2265777777777
FDW15,OUT045,1980.2371555555558
NCT53,OUT045,1975.4286000000002
NCG55,OUT027,3430.719444444445
FDD48,OUT035,1380.0554444444444
FDG47,OUT049,2439.713133333333
FDI21,OUT017,1579.203622222222
FDT27,OUT017,3122.749955555556
DRO35,OUT013,2447.7027333333335
FDD33,OUT017,3443.8874888888895
FDC04,OUT035,3303.1817555555554
FDY34,OUT013,2486.8369777777775
DRJ49,OUT049,2103.4101555555553
FDE05,OUT049,2196.9920444444447
FDU31,OUT017,3705.4729111111105
NCN19,OUT027,3173.3507555555557
FDK56,OUT027,4709.351355555556
FDK58,OUT017,1108.187111111111
NCJ42,OUT035,2039.4933555555556
FDZ34,OUT027,4780.813888888889
FDA52,OUT018,1606.871311111111
NCR29,OUT013,1910.5500888888887
FDT48,OUT035,1980.015222222222
DRJ51,OUT019,466.5038666666667
NCS54,OUT046,2649.7360444444444
FDV01,OUT035,2880.8426222222224
DRG51,OUT027,3913.202511111111
NCG42,OUT013,1966.699222222222
FDA51,OUT049,2240.2690444444443
FDV19,OUT010,220.23184444444442
NCT18,OUT045,3177.4935111111113
NCS41,OUT045,2535.2184444444442
FDO03,OUT046,2627.0988444444442
FDL12,OUT010,266.39397777777776
FDY37,OUT010,209.28313333333335
FDI58,OUT049,1354.2372
FDT28,OUT018,1656.3624444444442
NCC42,OUT010,313.8877111111111
FDO01,OUT017,2627.542711111111
FDJ02,OUT013,1777.4640666666664
FDQ04,OUT018,1149.9105777777777
DRL47,OUT013,2411.7495333333336
FDZ32,OUT035,1632.3196666666668
FDC35,OUT035,3046.256933333333
FDX14,OUT045,1308.592911111111
FDZ35,OUT013,1461.5789555555557
FDL14,OUT013,1692.0937111111111
FDO04,OUT049,914.3653333333334
DRK11,OUT017,2450.365933333333
FDB44,OUT018,2788.2964222222217
FDZ50,OUT049,3138.3592666666664
FDI12,OUT027,2366.697066666667
FDU43,OUT017,4307.726
FDD58,OUT010,326.24199999999996
FDB27,OUT017,2169.5462888888887
FDB04,OUT018,1114.8451111111112
NCO17,OUT013,1596.8843111111112
FDL12,OUT017,1566.7013777777777
DRJ13,OUT049,3065.5651333333335
FDD57,OUT045,1621.8148222222223
FDW19,OUT035,2027.8048666666666
DRD27,OUT018,1793.0733777777778
FDH27,OUT027,4011.2230666666665
NCW30,OUT027,7200.626999999999
FDR40,OUT018,1481.4789777777778
FDG05,OUT013,2422.0324444444445
NCY41,OUT019,124.1347111111111
FDI38,OUT018,2598.099555555555
FDR20,OUT046,1206.5775555555558
FDE09,OUT017,1298.3839777777778
FDN50,OUT019,301.90331111111107
DRF27,OUT045,1879.923288888889
DRF51,OUT013,868.2032
NCO02,OUT019,152.61615555555557
FDB51,OUT027,2119.1674222222223
FDJ50,OUT013,1276.4865555555557
FDN52,OUT013,1229.8805555555555
FDX14,OUT013,1371.4000444444443
FDT27,OUT019,610.834511111111
FDV10,OUT013,1499.8994444444443
FDU33,OUT046,1444.8599777777779
FDU58,OUT046,2728.7443111111115
NCP42,OUT027,4702.9892666666665
FDL51,OUT027,4684.9386888888885
DRH15,OUT027,1911.141911111111
FDU16,OUT017,1684.6219555555556
FDW15,OUT017,2488.464488888889
FDQ44,OUT045,2234.202866666667
NCI06,OUT027,4720.300066666667
DRK23,OUT019,224.44857777777779
FDC28,OUT035,1532.967511111111
NCY17,OUT019,202.92104444444442
NCV05,OUT018,1998.4356888888885
FDM34,OUT019,361.4554222222222
DRD60,OUT027,5349.111177777778
FDT38,OUT046,1240.6073333333334
FDQ57,OUT018,2000.8769555555555
FDE59,OUT027,1655.9185777777775
NCM43,OUT046,1830.2841999999998
DRI51,OUT049,2317.5758222222225
NCG30,OUT017,1874.4489333333336
NCK54,OUT035,2177.5358888888895
FDQ16,OUT019,219.86195555555554
FDI36,OUT013,2908.9541777777777
FDX16,OUT027,2842.596111111111
FDA34,OUT046,3047.3665999999994
FDJ48,OUT018,2633.6088888888894
FDU47,OUT035,2684.8015111111113
FDS39,OUT046,2044.7457777777777
FDD11,OUT046,2960.886577777778
FDM16,OUT027,1913.213288888889
FDU56,OUT018,2676.5899777777777
FDQ32,OUT017,2189.0024444444443
DRK35,OUT013,1302.6746888888888
FDA58,OUT049,4484.089022222222
DRG48,OUT019,333.78773333333334
FDT59,OUT010,592.2660888888889
FDQ31,OUT019,285.11035555555554
FDS51,OUT018,1330.6382888888888
FDW32,OUT027,2090.981888888889
FDI15,OUT027,6468.986777777777
NCV30,OUT017,1000.1055777777777
DRG25,OUT049,2683.691844444444
FDT02,OUT013,1231.73
FDO33,OUT027,3546.938533333333
FDP38,OUT035,1416.748422222222
FDZ45,OUT035,3627.5003333333334
NCA54,OUT027,4620.94791111111
FDU33,OUT017,1026.8855333333331
FDN58,OUT017,4436.743244444445
FDI05,OUT045,1357.270288888889
FDM57,OUT019,152.32024444444446
NCS42,OUT027,2440.600866666666
FDB57,OUT045,3736.395622222222
FDC03,OUT045,3180.822511111111
FDZ58,OUT013,2484.9875333333334
NCK29,OUT045,1750.9060444444447
NCR53,OUT045,1315.0289777777775
FDE26,OUT027,4016.7714
FDU52,OUT049,2488.316533333333
FDE41,OUT027,2044.301911111111
FDU38,OUT018,2116.8001333333336
FDA52,OUT017,2523.751888888889
FDW46,OUT046,1739.0696
DRI59,OUT035,3145.2392
FDT38,OUT035,920.2835555555555
FDL33,OUT018,1736.9982222222222
FDQ01,OUT027,5725.658066666667
FDJ08,OUT046,3117.2016222222223
FDQ47,OUT049,2002.2085555555557
NCZ18,OUT013,3605.4549555555554
FDE29,OUT017,1190.3764222222221
FDF10,OUT027,3244.8132888888886
FDC48,OUT049,1169.1448
FDY58,OUT013,4068.407888888889
NCX30,OUT010,628.5152
FDV11,OUT013,2096.4562444444446
FDT46,OUT046,1575.8746222222221
DRD01,OUT019,289.69697777777776
FDQ11,OUT013,2096.456244444444
NCM41,OUT017,1539.9954
NCC55,OUT013,815.9748888888889
FDG45,OUT027,4876.245222222222
NCQ54,OUT049,2790.1458666666667
FDM34,OUT045,1882.9563777777776
FDD17,OUT019,509.4109777777779
FDN38,OUT027,5231.042644444445
FDB53,OUT018,1402.9145777777778
NCL06,OUT035,4030.679222222222
NCV18,OUT019,206.6939111111111
FDX25,OUT013,2879.0671555555555
FDB39,OUT046,1032.3598888888891
FDC33,OUT049,3277.6594222222225
NCO14,OUT018,1098.3480666666667
FDA58,OUT027,6535.270866666668
NCQ02,OUT017,3631.199222222222
NCR53,OUT017,2529.5961333333335
FDN52,OUT046,1607.0192666666667
FDG26,OUT046,3184.225488888889
FDE23,OUT027,2069.3803777777775
DRI37,OUT013,1212.051911111111
DRH37,OUT018,2574.204733333334
FDO01,OUT035,2598.321488888889
FDK45,OUT049,1611.9018
FDP23,OUT049,2884.9114
FDM33,OUT035,3618.6969777777776
FDD36,OUT017,1455.4388000000001
FDL56,OUT017,1276.042688888889
FDT27,OUT010,728.0892888888889
FDG52,OUT017,757.3844888888888
NCL42,OUT035,2805.163355555556
DRJ24,OUT046,2443.264066666667
FDV38,OUT046,1073.4915333333333
FDT35,OUT045,3009.8598666666667
FDY51,OUT045,2597.729666666667
FDC37,OUT017,1341.6609777777778
NCP43,OUT013,2333.5550222222223
FDO33,OUT045,1696.0145333333332
FDW04,OUT018,2101.1908222222223
NCC31,OUT046,2383.637977777778
FDK22,OUT049,4291.3769111111105
FDJ50,OUT017,972.5858444444443
FDV13,OUT017,1689.5044888888888
DRL60,OUT017,2585.745266666667
FDW03,OUT017,1976.538266666667
FDY27,OUT035,3356.4457555555555
FDB39,OUT027,1802.246622222222
FDU59,OUT045,1993.5531555555556
FDZ57,OUT049,1923.5701777777779
FDO21,OUT049,3851.3570888888885
FDS43,OUT018,3088.498244444445
FDU28,OUT010,388.75322222222223
FDC51,OUT010,241.53744444444445
FDW16,OUT010,240.50175555555558
FDP32,OUT010,278.8962222222222
FDB60,OUT019,316.0330666666667
NCQ30,OUT046,1860.3191777777777
FDD26,OUT049,2651.6594666666665
FDI44,OUT045,1499.159666666667
DRH23,OUT046,1634.4650222222224
FDO44,OUT046,1367.9230888888887
FDG04,OUT046,3599.0928666666664
FDM32,OUT027,3328.4821555555554
FDM09,OUT013,2578.7173777777775
FDZ47,OUT013,1700.6751333333332
FDM40,OUT027,3453.726533333333
FDY48,OUT017,1228.770888888889
NCM30,OUT045,919.9136666666667
FDX36,OUT010,292.06426666666664
DRF03,OUT017,1131.4161333333334
FDN51,OUT049,2916.4259333333334
FDM57,OUT049,1272.2698222222223
FDB35,OUT049,2320.9048222222223
FDY13,OUT027,2632.721155555556
FDA37,OUT017,1810.3841777777777
NCX53,OUT017,2193.8849777777777
FDD59,OUT018,1632.3936444444446
FDX10,OUT019,107.63766666666668
FDC03,OUT018,3018.515266666667
FDW43,OUT035,3314.1304666666674
FDW10,OUT046,2134.4808222222223
FDY14,OUT027,5991.386244444445
FDV43,OUT045,875.6009777777779
FDO40,OUT013,2745.241355555556
FDP46,OUT027,2967.840488888889
NCE43,OUT019,319.9538888888889
FDD05,OUT035,1501.9708222222223
FDJ60,OUT010,367.1517111111111
DRE27,OUT018,1347.9490888888888
FDO11,OUT035,3313.9825111111113
DRG11,OUT027,2442.450311111111
FDK33,OUT010,470.2027555555556
DRM23,OUT045,2777.347711111111
FDJ02,OUT027,4020.1004
NCZ05,OUT045,1534.0032
NCL30,OUT013,1576.4664444444445
FDZ19,OUT018,2827.1347555555553
FDM45,OUT049,1371.4000444444443
FDO36,OUT046,2699.1531999999997
NCK31,OUT045,1188.0091333333335
DRJ37,OUT045,2603.0560666666665
FDP24,OUT018,1536.7403777777777
FDF46,OUT013,1577.4281555555553
FDX46,OUT019,143.36893333333333
NCL18,OUT045,2956.0040444444444
FDJ26,OUT013,2490.2399555555553
FDJ07,OUT045,1626.7713333333331
FDY15,OUT013,2365.2175111111114
DRG01,OUT045,1194.5191777777777
FDF58,OUT045,1192.0039333333332
FDZ14,OUT019,305.52822222222227
FDP31,OUT049,1782.7904666666664
FDH45,OUT013,1212.5697555555555
FDA09,OUT010,293.83973333333336
FDW31,OUT035,2838.2314222222226
FDA57,OUT046,1845.8935111111111
NCE55,OUT035,2797.9135333333334
FDC17,OUT019,429.7369111111111
FDC59,OUT013,1472.3057333333334
FDA22,OUT013,2321.274711111111
FDK52,OUT035,3478.2871555555557
NCM26,OUT046,1572.8415333333332
NCT53,OUT035,2602.1683333333335
FDW45,OUT018,1982.0126222222223
NCI18,OUT035,2783.044
FDE38,OUT018,2474.556666666667
FDF08,OUT019,285.11035555555554
FDY58,OUT010,492.47006666666675
FDF58,OUT019,290.73266666666666
FDX39,OUT017,3260.570555555556
FDB44,OUT049,2528.8563555555556
FDF28,OUT013,2260.2430444444444
FDE39,OUT013,2031.2818222222222
FDT37,OUT018,2528.338511111111
FDZ45,OUT017,3905.878711111111
FDO40,OUT035,1898.1958000000002
FDM57,OUT027,2557.929622222222
DRG36,OUT017,2928.928177777778
FDY36,OUT010,140.55777777777777
DRL60,OUT027,4148.5998
FDS25,OUT019,344.73644444444443
DRF49,OUT027,2680.214888888889
FDP16,OUT045,4108.799755555556
FDS60,OUT049,2272.819266666667
FDU15,OUT027,1916.4683111111108
FDK43,OUT046,2198.3976222222223
FDN25,OUT046,1385.7517333333333
FDE53,OUT049,1460.691222222222
FDB22,OUT013,1915.7285333333332
FDE39,OUT017,1840.197222222222
FDX35,OUT035,3313.9825111111113
NCG54,OUT049,4019.804488888889
FDH27,OUT035,2656.6899555555556
NCK42,OUT013,3632.9746888888885
FDS25,OUT049,1851.1459333333332
FDI10,OUT018,2676.294066666667
FDU35,OUT035,2590.775755555556
FDI04,OUT017,2583.895822222222
DRK23,OUT035,3228.2422666666666
FDB53,OUT019,300.8676222222222
FDY02,OUT049,3421.1763111111113
FDM60,OUT035,999.9576222222222
NCJ31,OUT010,397.03873333333337
DRP35,OUT017,2240.417
NCQ30,OUT018,2547.0548888888893
DRL11,OUT010,333.12193333333335
FDU01,OUT013,1958.2657555555552
FDR39,OUT035,2700.040933333333
FDO08,OUT046,2707.512688888889
FDC02,OUT045,4089.195644444445
NCZ29,OUT035,2405.0915333333337
FDF29,OUT010,308.78324444444445
FDZ23,OUT017,2824.0276888888893
NCU53,OUT018,1663.9821555555557
NCW30,OUT013,3867.4102666666668
NCM26,OUT027,3173.350755555555
FDV50,OUT027,3009.7119111111115
FDW15,OUT049,2858.2794000000004
FDI35,OUT027,4701.657666666666
FDO11,OUT017,3625.650888888889
FDN48,OUT046,1713.7691999999997
NCA17,OUT049,3030.0558
NCN54,OUT013,945.805888888889
FDP22,OUT013,930.1965777777779
NCB54,OUT035,2189.4463111111113
FDD08,OUT045,582.279088888889
DRM48,OUT010,284.0746666666667
FDG41,OUT027,2816.5559333333335
FDE44,OUT027,2558.3734888888885
FDE26,OUT035,1885.3236666666667
NCS38,OUT013,1596.6623777777777
NCJ54,OUT018,2533.9608222222223
FDI40,OUT019,185.4622888888889
FDN45,OUT018,3008.0843999999997
FDU43,OUT046,3099.151044444445
FDI04,OUT010,432.0302222222222
NCC07,OUT018,1586.0835555555557
NCC07,OUT019,285.70217777777776
NCD18,OUT045,3491.6771333333327
FDU55,OUT035,3941.0921333333335
FDX59,OUT035,1959.079511111111
FDR52,OUT049,3219.2169777777776
NCP17,OUT013,1083.996377777778
FDQ32,OUT045,2380.9747777777775
NCT17,OUT049,2184.859688888889
FDO10,OUT049,1154.5711777777778
FDE32,OUT049,1202.2128666666667
FDN44,OUT045,2064.053977777778
FDH02,OUT035,1873.7831333333334
FDK60,OUT013,1350.9082
FDS24,OUT019,348.06544444444444
FDL03,OUT010,622.0791333333333
FDB46,OUT027,4130.697177777778
FDO48,OUT049,3669.7416444444443
FDZ39,OUT049,1843.9700888888885
FDT02,OUT027,1449.3726222222222
FDC50,OUT013,1970.0282222222222
FDP39,OUT035,1422.740622222222
DRG15,OUT018,1300.603311111111
FDP10,OUT018,1979.2754444444445
FDF53,OUT027,4567.240044444445
FDN34,OUT045,3803.8633555555552
FDK02,OUT045,1950.794
FDC23,OUT045,2926.4129333333335
FDJ10,OUT019,244.71848888888886
FDE53,OUT035,1564.2601111111112
FDR25,OUT035,2911.3954444444444
FDW50,OUT046,2433.3510444444446
FDS09,OUT049,924.0564222222222
FDW49,OUT010,324.39255555555553
FDU51,OUT046,1991.037911111111
FDF28,OUT018,1626.919288888889
NCY30,OUT018,2392.2194
FDD44,OUT045,4579.372399999999
FDX09,OUT017,2256.2482444444445
NCF30,OUT013,2163.85
FDZ50,OUT019,449.4889777777778
FDW37,OUT013,1822.9604
FDD11,OUT049,2439.713133333333
DRH39,OUT018,1051.594111111111
FDA36,OUT049,2042.6743999999999
NCG43,OUT049,2116.2083111111115
FDF02,OUT035,2015.2286444444444
FDP57,OUT027,2766.9168444444445
NCE42,OUT017,3024.7293999999997
NCR38,OUT027,4003.3074444444446
FDP03,OUT019,486.77377777777775
FDO51,OUT035,1983.344222222222
NCQ42,OUT046,1917.5779777777777
NCM41,OUT046,2067.3089999999997
FDH48,OUT027,1934.7408222222225
DRF60,OUT046,2794.732488888889
FDJ27,OUT035,2134.3328666666666
FDQ14,OUT013,2451.771511111111
FDN27,OUT017,1923.866088888889
NCQ02,OUT046,2754.2666444444444
FDJ33,OUT049,1895.5326000000002
FDP07,OUT027,4948.151622222223
DRE01,OUT049,3128.5942000000005
FDU36,OUT045,1752.089688888889
FDL28,OUT017,3430.4975111111107
NCX53,OUT046,2484.839577777778
FDZ39,OUT013,2305.887333333333
NCP42,OUT013,2833.274911111111
FDJ14,OUT035,1909.7363333333333
FDK04,OUT049,1002.9167333333332
NCC19,OUT017,2711.3595333333337
FDS09,OUT018,1249.5586444444443
FDZ02,OUT046,1430.3603333333333
FDD35,OUT018,2129.1544222222224
NCY42,OUT017,2049.258422222222
FDB05,OUT045,3680.468422222222
FDF20,OUT035,3299.556844444445
NCO41,OUT018,1592.6675777777778
FDC40,OUT027,2287.614822222222
FDV58,OUT045,2729.484088888889
FDZ57,OUT045,1864.24
DRM35,OUT046,2279.6992
DRN36,OUT018,930.4924888888888
FDQ13,OUT046,1706.3714222222222
DRO35,OUT010,324.76244444444444
NCD43,OUT035,2291.2397333333333
FDA51,OUT018,1264.7240888888891
NCX17,OUT027,5328.619333333333
NCZ17,OUT049,950.0226222222223
FDR11,OUT027,3887.976088888888
FDW34,OUT049,4252.094711111111
FDN50,OUT017,1689.5044888888888
FDS09,OUT046,1272.9356222222223
FDS48,OUT018,1832.577511111111
FDL44,OUT049,2699.523088888889
DRF48,OUT018,2439.6391555555556
FDA14,OUT018,2216.892066666667
NCD30,OUT049,2754.4885777777777
FDI16,OUT017,1232.765688888889
NCG06,OUT035,3210.043733333333
DRZ24,OUT035,1933.4092222222223
NCS17,OUT045,1709.478488888889
FDB37,OUT045,3120.900511111111
FDE10,OUT035,2047.704888888889
FDC57,OUT045,3338.9130222222225
FDM12,OUT018,2787.6306222222224
FDE24,OUT049,2289.982111111111
FDW22,OUT045,3808.3759999999997
DRD01,OUT027,3807.0444000000007
NCZ18,OUT027,4879.278311111111
FDN49,OUT045,1872.599488888889
FDR22,OUT035,1580.535222222222
FDV08,OUT019,266.02408888888885
FDY39,OUT046,2617.555711111111
FDV36,OUT049,2121.016866666667
FDO60,OUT045,1625.0698444444445
FDU04,OUT027,2752.7131111111107
FDR20,OUT027,1858.4697333333336
FDW19,OUT019,268.0214888888889
FDU40,OUT049,3182.1541111111114
FDK15,OUT045,1808.8306444444447
DRF15,OUT035,1925.3456444444444
FDQ25,OUT017,3104.033577777778
FDI48,OUT019,284.44455555555555
FDS49,OUT046,1202.508777777778
FDV22,OUT046,2377.793733333333
NCV42,OUT046,1825.5496222222225
FDX26,OUT046,3038.4892666666665
FDI33,OUT018,1690.3182444444444
FDZ14,OUT049,1842.1206444444445
FDG10,OUT013,1715.1008
FDM38,OUT018,1039.9796
FDG26,OUT027,6035.624955555555
FDH46,OUT035,1518.097977777778
FDN13,OUT018,1444.8599777777777
FDU57,OUT035,2156.304266666667
NCI06,OUT046,2413.451022222222
FDM38,OUT045,1470.826177777778
NCG42,OUT010,249.60102222222227
FDL39,OUT045,3089.903822222222
FDT31,OUT019,506.9697111111111
FDV59,OUT013,2581.0846666666666
FDB49,OUT035,2029.2104444444444
FDD58,OUT049,1820.8890222222221
DRN59,OUT046,1842.1946222222223
FDX48,OUT049,2636.4940222222226
FDQ11,OUT049,2660.980666666667
FDY12,OUT049,963.4865777777777
FDQ11,OUT045,3179.416933333333
DRI11,OUT017,1934.740822222222
FDY32,OUT027,4644.25091111111
FDS51,OUT045,1016.306711111111
FDR19,OUT010,358.7922222222222
DRB13,OUT018,2130.116133333333
FDS21,OUT035,1094.9450888888887
FDQ40,OUT045,2887.8705111111103
NCE55,OUT013,3098.1893333333333
FDX43,OUT027,4716.675155555556
FDS12,OUT049,1455.068911111111
DRK01,OUT027,2371.209711111111
FDN25,OUT017,2348.7944444444447
FDB60,OUT046,3362.6598888888893
FDQ13,OUT017,1277.596222222222
DRK13,OUT045,1977.2780444444445
DRF25,OUT018,1005.5799333333333
NCD42,OUT019,166.8198888888889
FDW25,OUT045,1477.7061111111113
NCV29,OUT027,4040.666222222222
NCK42,OUT035,3704.2892666666667
DRJ13,OUT027,3438.265177777778
DRD15,OUT017,3777.8971555555554
FDM27,OUT045,2414.9305777777777
FDZ50,OUT018,2479.2912444444446
FDC04,OUT046,3321.0103999999997
FDF50,OUT049,2316.1702444444445
FDP15,OUT045,2617.2598
FDK46,OUT035,2820.9946
FDZ56,OUT018,2053.401177777778
FDY60,OUT049,3094.934311111111
FDB10,OUT035,4121.449955555556
FDR57,OUT045,2493.716911111111
FDU58,OUT049,3004.2375555555554
FDH02,OUT046,1271.086177777778
FDP48,OUT013,2765.2153555555556
FDI46,OUT035,3989.9174666666668
FDW56,OUT013,3209.5998666666665
NCM19,OUT010,345.5502
FDS50,OUT027,6386.723488888889
FDK24,OUT013,995.8888444444445
FDO36,OUT017,2143.136222222222
FDK45,OUT027,2604.2397111111113
NCL05,OUT045,899.1998888888888
FDL32,OUT018,1490.652222222222
FDA28,OUT049,2402.3543555555557
FDY36,OUT018,1183.8663777777774
FDP32,OUT018,2312.1014666666665
FDL50,OUT046,1696.5323777777776
DRC24,OUT049,2584.117755555556
NCS18,OUT017,2416.6320666666666
FDD16,OUT017,1428.2889555555557
NCV18,OUT013,1799.5834222222222
FDX07,OUT046,2892.679066666667
NCZ05,OUT027,2930.481711111111
NCI31,OUT013,1860.0972444444446
FDK14,OUT049,1338.7018666666668
NCR06,OUT045,855.9968666666667
NCF54,OUT049,2759.2971333333335
DRG23,OUT010,299.53602222222224
FDD53,OUT046,1090.3584666666666
NCM31,OUT027,3173.3507555555557
FDT16,OUT017,3638.5969999999998
FDR40,OUT035,1102.4908222222223
DRG25,OUT017,2774.684511111111
FDT10,OUT035,1236.686511111111
FDY32,OUT013,2757.373711111111
FDN50,OUT035,1945.4676
FDZ35,OUT019,258.1084666666667
NCP54,OUT045,1866.3853555555554
NCD07,OUT035,1832.0596666666668
FDS02,OUT018,2627.9126
DRN59,OUT018,1549.8344444444442
DRB24,OUT013,3053.8026666666665
FDP37,OUT027,4684.272888888889
DRB01,OUT018,2676.5160000000005
FDR47,OUT046,3074.7383777777777
NCM31,OUT010,345.5502
NCF06,OUT027,7200.626999999999
NCV17,OUT027,3930.5872888888885
FDS10,OUT049,2241.378711111111
FDN52,OUT035,1386.7134444444446
FDZ48,OUT013,2033.723088888889
FDJ48,OUT049,2798.283422222222
DRB13,OUT027,3994.947955555556
FDV59,OUT017,2926.412933333333
FDL32,OUT035,1323.0185777777779
FDZ12,OUT035,1879.3314666666665
NCR06,OUT027,2844.001688888889
FDP51,OUT017,1848.2608
FDY22,OUT013,2640.8587111111106
FDZ38,OUT049,2253.806977777778
NCO54,OUT035,1604.208111111111
FDR23,OUT035,2917.831511111111
FDM38,OUT049,1740.3272222222222
FDS25,OUT013,1275.5988222222222
FDZ22,OUT013,1511.2920222222224
FDZ20,OUT019,506.9697111111111
FDD45,OUT010,263.6568
FDN03,OUT049,3442.112022222222
NCW30,OUT046,2567.9166222222225
FDY24,OUT027,2354.1208444444446
FDJ26,OUT019,560.0857555555556
FDM15,OUT049,3081.396377777778
NCW54,OUT027,1572.9894888888891
FDA23,OUT045,1881.1069333333335
FDA39,OUT019,200.77568888888888
FDZ12,OUT017,2446.8150000000005
NCB42,OUT046,1703.412311111111
FDL16,OUT046,1135.0410444444444
FDO24,OUT019,347.39964444444445
NCP42,OUT046,2048.296711111111
FDR19,OUT018,2820.4767555555554
DRL01,OUT045,2599.357177777778
FDV37,OUT046,3100.4826444444443
FDI41,OUT010,255.88913333333338
FDF58,OUT049,1787.303111111111
NCF43,OUT018,2350.9398
FDN02,OUT049,3101.7402666666662
NCP41,OUT035,2529.8180666666663
NCY17,OUT027,1942.730422222222
FDL58,OUT027,5652.198133333334
NCA30,OUT027,4818.542555555556
FDE46,OUT018,2545.5013555555556
FDY38,OUT035,4256.163488888888
NCH29,OUT027,2860.720666666666
FDO20,OUT045,3780.782288888889
FDP44,OUT018,1237.2043555555556
FDM02,OUT027,2608.6043999999997
FDJ14,OUT027,2329.7081777777776
FDH04,OUT010,301.97728888888895
DRK23,OUT046,2881.8043333333335
NCW05,OUT046,1619.0776444444446
FDF12,OUT049,2182.9362666666666
FDL51,OUT019,395.1153111111111
FDN03,OUT018,2450.5138888888887
DRJ37,OUT049,2846.4429555555557
FDM12,OUT019,492.9139333333334
FDA16,OUT045,3352.4509555555555
NCB07,OUT017,3411.263288888889
NCI17,OUT019,189.90095555555556
FDR51,OUT046,2458.2075777777773
FDJ55,OUT045,3458.609066666667
NCZ17,OUT013,907.2634666666667
FDU25,OUT013,1205.6898222222221
NCG18,OUT045,2123.5321111111107
DRM11,OUT017,2939.433022222222
FDH16,OUT035,1295.276911111111
FDZ04,OUT018,969.4787777777777
NCX53,OUT035,2446.5930666666663
FDX38,OUT027,2078.0357777777776
FDX09,OUT046,2781.194555555556
NCW05,OUT018,1318.7278666666668
NCS41,OUT017,2471.5975555555556
FDI26,OUT046,2859.906911111111
NCZ41,OUT027,3360.2925999999998
NCK06,OUT046,2245.373511111111
FDX23,OUT027,2118.797533333333
NCA42,OUT046,2305.0735777777777
FDC20,OUT049,985.6059333333334
DRC49,OUT018,2011.5297555555558
FDX01,OUT013,1986.0074222222222
FDC08,OUT045,4652.018577777778
FDC02,OUT017,3980.300355555556
FDK10,OUT045,2690.7197333333334
DRC24,OUT013,2772.0952888888887
FDW16,OUT019,195.89315555555555
NCU06,OUT018,4332.3606
DRA59,OUT045,2065.015688888889
FDR24,OUT019,348.06544444444444
DRL35,OUT018,1506.7793777777779
FDA49,OUT013,2275.4084888888888
NCC55,OUT046,1212.3478222222222
DRD24,OUT019,321.5814
NCE55,OUT049,3633.1966222222222
FDT33,OUT045,3349.861733333333
NCT53,OUT013,1773.1733555555556
FDS26,OUT046,3110.8395333333333
FDL22,OUT018,1832.3555777777776
FDP44,OUT017,1455.5127777777777
FDC52,OUT018,1994.8847555555558
FDI53,OUT010,378.470311111111
FDZ23,OUT046,3694.672155555556
NCT18,OUT013,2704.553577777778
FDR13,OUT046,2146.9090888888886
FDB09,OUT010,300.8676222222222
FDZ60,OUT013,1741.067
FDB11,OUT046,3432.1989999999996
FDC10,OUT018,1680.4792
FDW56,OUT035,3122.3800666666666
FDK14,OUT027,2632.721155555556
DRE27,OUT027,2206.8310888888886
FDA38,OUT017,2639.453133333333
FDT11,OUT045,2633.6088888888885
FDP15,OUT035,3205.1612
FDV27,OUT035,2415.3004666666666
FDS36,OUT027,3089.312
FDY40,OUT027,1650.5182000000002
NCF19,OUT049,1263.2445333333335
FDF53,OUT045,2378.2376
FDS14,OUT027,4277.173177777778
FDE56,OUT046,1346.3955555555556
FDZ19,OUT035,3111.0614666666665
FDZ46,OUT013,1426.5134888888888
FDR16,OUT046,3240.8184888888895
FDG29,OUT018,1132.5997777777777
NCE30,OUT017,2607.346777777778
FDZ40,OUT046,1124.166311111111
FDG58,OUT018,1966.8471777777781
DRH03,OUT013,1332.7096666666666
FDZ47,OUT045,2389.3342666666667
FDV04,OUT018,2157.931777777778
FDZ10,OUT018,1975.2066666666667
FDG46,OUT017,1839.975288888889
NCF07,OUT045,1445.9696444444444
FDY44,OUT035,2710.3978222222227
FDB21,OUT013,2658.0215555555556
FDS20,OUT035,3035.3822
FDS49,OUT049,1180.6113555555555
FDX55,OUT027,5888.927022222222
NCQ02,OUT018,2633.017066666667
FDR25,OUT013,2479.8830666666668
DRG39,OUT045,1309.0367777777778
FDB46,OUT046,2438.1596
NCC30,OUT018,2301.6706
FDE58,OUT035,2245.817377777778
FDC05,OUT019,414.7934
FDY15,OUT046,2088.3926666666666
FDG14,OUT046,2312.397377777778
FDL08,OUT049,3269.521866666667
FDQ47,OUT013,2096.4562444444446
FDN12,OUT035,1443.7503111111112
FDW10,OUT013,3001.7962888888887
FDD02,OUT035,1506.113577777778
FDX35,OUT010,413.09191111111113
FDT35,OUT046,2700.9286666666667
DRN47,OUT019,216.23704444444445
FDB11,OUT010,687.6234444444445
FDN20,OUT045,2920.7166444444442
FDB59,OUT035,2918.793222222222
FDJ58,OUT045,3431.459222222222
FDU60,OUT046,3310.2096444444446
FDS03,OUT049,1284.1062666666667
FDU40,OUT019,459.6979111111111
DRH15,OUT049,948.3211333333334
FDD04,OUT027,4552.222555555555
FDQ01,OUT046,3815.6258222222223
FDF28,OUT035,2549.9400222222225
FDD22,OUT010,305.15833333333336
FDY19,OUT046,1687.2111777777777
FDN33,OUT035,1698.3818222222224
FDV36,OUT035,1918.7616222222225
FDW01,OUT010,260.10586666666666
FDJ28,OUT049,3181.0444444444447
FDB17,OUT035,3214.186488888889
FDM40,OUT049,1857.3600666666669
FDV46,OUT045,1859.7273555555557
FDQ44,OUT049,2210.012133333333
NCD42,OUT046,900.9753555555556
DRH37,OUT046,2373.503022222222
FDR10,OUT018,2299.9691111111115
NCD06,OUT027,1459.137688888889
FDI53,OUT046,2520.496866666667
FDG16,OUT035,3712.8706888888887
DRB25,OUT046,1492.5756444444444
FDY09,OUT046,2562.8861333333334
FDX48,OUT045,2642.782133333333
FDC03,OUT010,483.74068888888894
FDT47,OUT035,2575.3143999999998
FDW44,OUT027,4317.195155555555
FDT24,OUT017,1472.3057333333334
FDT12,OUT019,492.9139333333334
NCS38,OUT035,2072.043577777778
FDO39,OUT035,2872.335177777778
FDA13,OUT046,1565.369777777778
FDO48,OUT035,4171.384955555555
DRJ01,OUT017,2018.7056000000002
FDD53,OUT018,1132.5997777777777
NCT05,OUT049,2814.262622222222
FDQ51,OUT045,1108.4830222222222
FDU60,OUT013,2316.614111111111
FDC59,OUT046,2001.6167333333335
FDP36,OUT035,868.9429777777777
NCM19,OUT017,1760.6711111111113
FDL16,OUT035,1273.5274444444447
FDE50,OUT018,1529.5645333333334
NCR18,OUT013,994.4832666666667
NCD30,OUT035,1980.4590888888888
FDH31,OUT013,1669.9743555555556
FDD56,OUT019,398.00044444444444
FDC47,OUT049,3545.311022222222
FDZ21,OUT045,1619.8914
FDM01,OUT049,1899.5274
FDF24,OUT013,888.843
FDW23,OUT017,1203.4704888888887
FDY52,OUT018,1137.1124222222222
DRH37,OUT027,5626.083977777777
DRO47,OUT027,3657.831222222222
FDR25,OUT049,2699.8929777777776
FDQ24,OUT027,4511.090911111111
DRJ51,OUT018,3219.143
NCU06,OUT035,3499.2968444444446
NCV18,OUT018,1739.1435777777779
NCC06,OUT027,3170.465622222222
FDZ01,OUT018,1556.7883555555557
FDT14,OUT017,2295.6784
FDD11,OUT019,459.6239333333333
FDN09,OUT017,4217.695044444445
NCO18,OUT010,442.0172222222222
FDZ50,OUT045,3113.9465999999998
FDS44,OUT013,3849.729577777778
FDI36,OUT045,2694.2706666666663
FDA26,OUT010,510.81655555555557
NCY53,OUT049,1819.3354888888887
FDF32,OUT049,3309.173955555556
FDF59,OUT010,400.2197777777778
FDB20,OUT046,2097.1220444444443
DRH11,OUT035,1910.1802
FDT03,OUT049,2218.741511111111
NCH06,OUT035,4429.789333333334
FDR55,OUT049,3762.6577333333335
FDI10,OUT035,2737.1038
FDZ12,OUT045,2199.655244444444
FDM12,OUT049,3217.737422222222
DRB25,OUT045,1865.3496666666667
NCS41,OUT013,1854.7708444444445
NCT53,OUT049,2955.4862000000003
NCD55,OUT013,981.3152222222221
FDY08,OUT049,2891.9392888888888
NCP55,OUT049,1538.1459555555557
FDA33,OUT013,1681.0710222222222
FDQ33,OUT013,3683.2056000000002
FDE45,OUT027,4716.823111111111
FDT26,OUT013,2336.8840222222225
NCV53,OUT049,2424.9915555555554
FDK60,OUT027,2524.787577777778
NCJ29,OUT046,1484.0682000000002
FDI15,OUT045,3636.8955111111113
FDX21,OUT013,1642.2326888888888
FDV49,OUT019,684.6643333333334
DRO59,OUT046,1558.4898444444443
FDZ14,OUT045,1558.4898444444445
FDP32,OUT027,3359.256911111111
FDC33,OUT017,3672.922688888889
FDT14,OUT010,308.2654
NCN54,OUT027,2338.067666666667
FDR57,OUT027,4356.255422222222
DRK12,OUT046,1118.2480888888888
FDX52,OUT049,3149.825822222222
FDX08,OUT010,476.6388222222222
FDP10,OUT010,418.56626666666665
NCP50,OUT045,1335.3728666666666
NCL06,OUT013,4418.9146
FDP25,OUT013,3426.428733333333
FDE53,OUT013,1362.0788444444445
FDL27,OUT017,1609.2386
FDC35,OUT049,2439.713133333333
DRJ47,OUT010,335.3412666666666
FDD16,OUT018,1159.3057555555556
NCN42,OUT049,2761.886355555556
FDC38,OUT027,2970.3557333333333
NCO07,OUT045,3357.333488888889
FDQ20,OUT049,826.4797333333333
FDI32,OUT046,1323.240511111111
FDN20,OUT010,379.50600000000003
DRJ51,OUT027,6195.564911111111
FDU08,OUT045,1102.8607111111112
DRN37,OUT019,410.4287111111111
FDD05,OUT010,208.46937777777777
FDW15,OUT046,1913.7311333333334
FDI52,OUT046,1854.8448222222223
DRM11,OUT049,3065.861044444444
NCO06,OUT045,925.9798444444443
FDU38,OUT049,3197.319555555556
FDU59,OUT018,2651.363555555555
FDJ10,OUT046,1877.4080444444444
FDM13,OUT049,2191.739622222222
NCJ30,OUT019,252.4121777777778
FDM45,OUT018,1617.672066666667
FDP36,OUT045,969.4787777777777
NCD30,OUT010,233.84375555555556
FDN48,OUT017,1149.9105777777777
FDY32,OUT049,3045.073288888889
FDU47,OUT046,2114.136933333333
FDF17,OUT019,509.4109777777778
FDP34,OUT017,2554.0087999999996
FDA47,OUT049,3424.3573555555554
DRD27,OUT027,1972.5434666666665
FDW38,OUT045,1060.989288888889
FDZ15,OUT019,403.84468888888887
FDZ03,OUT027,4420.468133333333
NCN19,OUT049,3010.9695333333334
FDG02,OUT035,2711.8034
FDS31,OUT035,2137.8098222222225
FDW43,OUT019,438.02242222222213
FDZ47,OUT010,324.54051111111113
FDO57,OUT017,2433.5729777777774
NCL07,OUT013,1860.0972444444446
NCV42,OUT013,1738.5517555555555
FDP40,OUT017,1443.2324666666666
FDP48,OUT019,456.29493333333335
FDH21,OUT017,2072.0435777777775
NCP02,OUT049,1346.0996444444443
FDK24,OUT049,1026.293711111111
FDC41,OUT045,1224.4801777777777
FDF08,OUT017,1485.6217333333334
FDO49,OUT017,1872.599488888889
FDS56,OUT027,6495.988666666666
FDX46,OUT018,781.279311111111
FDQ07,OUT013,4113.534333333333
FDC32,OUT010,194.7095111111111
FDT21,OUT019,399.5539777777778
FDG58,OUT045,2642.1163333333334
FDW14,OUT049,1440.199377777778
DRA12,OUT027,3778.488977777778
FDV27,OUT013,1377.3922444444443
DRD25,OUT013,1927.047133333333
DRF48,OUT027,4969.753133333334
FDX24,OUT017,1668.7907111111112
DRJ51,OUT046,3309.5438444444444
FDE45,OUT045,2030.2461333333335
FDE14,OUT046,1437.092311111111
FDG53,OUT045,1238.5359555555556
FDT08,OUT046,2118.871511111111
DRC27,OUT027,5991.386244444445
FDG20,OUT035,2786.3730000000005
FDC21,OUT046,2171.3957333333333
FDV31,OUT018,2750.5677555555553
FDB58,OUT045,2060.0591777777777
FDV23,OUT046,2243.3021333333336
FDA25,OUT019,276.0850666666667
FDC15,OUT046,2245.0776000000005
FDU47,OUT049,2150.0161555555555
FDE23,OUT013,1681.5888666666665
FDS08,OUT013,3038.267333333333
FDW03,OUT027,3156.927688888889
FDJ60,OUT018,2321.7185777777777
FDM34,OUT017,1879.923288888889
FDW33,OUT013,1389.8944888888889
FDZ40,OUT013,1121.4291333333333
FDE33,OUT018,1041.0152888888888
NCC06,OUT010,241.53744444444445
FDU11,OUT046,2706.2550666666666
FDL44,OUT017,2967.988444444445
NCZ29,OUT017,1984.0839999999998
FDG28,OUT010,319.6579777777778
FDL12,OUT018,1270.5683333333334
FDD52,OUT017,2127.009066666667
FDO15,OUT013,1452.405711111111
NCN29,OUT027,1627.954977777778
FDW36,OUT013,1969.9542444444442
FDB21,OUT046,4000.2743555555553
FDZ28,OUT013,1981.9386444444447
FDY10,OUT035,1956.490288888889
DRG39,OUT017,1219.0798
FDN28,OUT013,1141.0332444444443
FDV15,OUT035,2239.6772222222226
DRI13,OUT035,3028.354311111111
FDH20,OUT046,1642.0107555555555
FDY51,OUT013,2865.9730888888894
FDE16,OUT013,4184.3310666666675
FDX40,OUT018,713.7375999999999
FDC48,OUT018,1140.7373333333333
FDS14,OUT046,2924.637466666667
FDX56,OUT017,3734.9160666666667
FDI10,OUT046,2403.168111111111
FDI14,OUT013,2431.353644444445
DRM48,OUT013,1144.5841777777778
NCH07,OUT027,4679.464333333333
FDY26,OUT013,3665.4509333333335
FDD02,OUT027,2872.0392666666667
FDM12,OUT046,3694.672155555556
DRF01,OUT010,422.4131111111111
FDV36,OUT046,1773.5432444444446
DRI59,OUT013,3128.5941999999995
FDV03,OUT018,1981.716711111111
FDO39,OUT017,2610.083955555556
NCB07,OUT018,3392.177022222222
FDH38,OUT027,2988.702222222222
FDZ13,OUT035,1785.5276444444441
NCZ30,OUT046,1944.9497555555556
NCA06,OUT035,1865.5716000000002
FDB04,OUT049,1110.184511111111
FDN50,OUT013,1629.6564666666666
NCG06,OUT049,3745.5688666666665
NCY17,OUT018,960.3055333333335
FDC23,OUT046,3037.5275555555554
FDK33,OUT049,2946.0170444444448
FDR03,OUT049,3012.745
FDZ07,OUT045,1086.4376444444445
FDO38,OUT013,1672.2676666666669
FDS59,OUT046,2260.391
DRM11,OUT019,280.81964444444446
FDX52,OUT027,4420.2462
DRJ35,OUT018,1445.747711111111
NCP53,OUT046,3952.9285777777777
FDW15,OUT019,505.8600444444444
DRI47,OUT045,2600.6887777777774
DRZ11,OUT035,1541.4749555555557
FDS02,OUT013,2512.359311111111
DRD49,OUT018,2902.444133333333
FDW38,OUT049,1316.1386444444443
FDR21,OUT019,438.9101555555556
FDE40,OUT013,1866.4593333333332
FDI02,OUT045,2084.1759333333334
FDQ04,OUT045,1216.120688888889
FDY14,OUT017,3535.102088888889
NCT54,OUT046,1350.5383111111112
DRD25,OUT017,1689.8004
DRE01,OUT045,4369.941311111111
FDJ12,OUT010,325.8721111111111
NCZ05,OUT049,1964.7018222222223
DRB25,OUT019,266.9118222222222
NCC31,OUT045,2643.9657777777775
FDM16,OUT045,1228.0311111111112
DRG11,OUT049,1522.6845999999998
FDV24,OUT027,4039.6305333333335
FDV43,OUT046,914.9571555555553
FDG05,OUT018,2051.921622222222
FDV23,OUT010,487.43957777777786
FDI58,OUT018,1439.0157333333332
FDQ11,OUT017,3625.650888888889
FDC05,OUT027,4973.821911111111
FDF40,OUT013,2896.303977777778
FDU02,OUT018,2981.0085333333336
FDT32,OUT013,3405.271088888889
NCF06,OUT017,3863.1195555555555
FDT46,OUT013,1510.5522444444443
FDR58,OUT010,340.6676666666667
FDY04,OUT046,2412.3413555555553
FDT58,OUT045,1676.188488888889
FDE46,OUT049,2804.6455111111113
DRH11,OUT017,1492.7236
DRI51,OUT046,2795.324311111111
FDC35,OUT017,2847.182733333333
FDP45,OUT035,4171.6068888888885
FDC45,OUT017,3053.3588
FDU01,OUT045,2946.534888888889
FDJ53,OUT010,284.66648888888886
FDJ46,OUT017,2510.657822222222
FDX07,OUT013,3738.836888888889
NCI30,OUT049,3510.837377777778
FDE47,OUT027,4049.6915111111107
FDV48,OUT045,1556.1965333333335
FDN16,OUT019,162.38122222222222
FDM52,OUT013,2362.0364666666665
FDA32,OUT027,5888.705088888889
FDH05,OUT017,2826.9867999999997
FDW25,OUT010,181.24555555555557
FDQ09,OUT046,1911.4378222222222
NCM17,OUT010,262.0292888888889
DRM59,OUT046,1809.5704222222223
FDV47,OUT027,2232.5013777777776
DRE15,OUT035,1308.8148444444444
FDS25,OUT010,216.01511111111114
NCZ05,OUT018,1801.8027555555554
NCV05,OUT019,435.21126666666675
DRM37,OUT046,2443.3380444444447
FDV58,OUT027,5195.9032
FDN22,OUT027,5126.881933333334
NCO06,OUT049,1337.8141333333333
FDT56,OUT019,261.1415555555556
FDM02,OUT013,1422.4447111111112
FDA09,OUT046,2884.837422222222
NCC06,OUT035,2151.1258222222223
NCL54,OUT049,4019.804488888889
NCB55,OUT017,1114.3272666666664
FDB12,OUT017,1644.7479333333333
NCA54,OUT049,4030.605244444445
NCS38,OUT049,1577.576111111111
FDC02,OUT049,3089.385977777778
FDK44,OUT019,374.32755555555553
FDE16,OUT035,3607.6003111111113
NCS05,OUT035,2390.591888888889
FDZ59,OUT045,2969.689933333333
FDI20,OUT017,3443.221688888889
FDQ14,OUT046,3494.192377777778
FDF53,OUT017,3204.9392666666663
FDW25,OUT017,1942.6564444444443
NCQ43,OUT010,345.55019999999996
FDX52,OUT013,2285.9133333333334
FDE28,OUT045,3355.1141555555564
FDN15,OUT017,2328.9683999999997
FDO28,OUT017,2189.9641555555554
FDQ33,OUT045,2730.4457999999995
FDM22,OUT010,183.68682222222222
FDJ03,OUT017,1134.153311111111
FDI16,OUT045,1192.6697333333334
FDI09,OUT027,4442.7354444444445
FDX55,OUT013,3535.841866666667
FDS23,OUT027,4042.9595333333336
DRC12,OUT045,3084.6514
FDH41,OUT049,3244.517377777778
FDN01,OUT013,2843.039977777778
FDV55,OUT045,2364.2558000000004
NCJ19,OUT013,1860.0972444444446
NCY29,OUT010,270.38877777777776
FDP03,OUT018,1963.8140888888893
FDZ52,OUT045,2149.4243333333334
FDH31,OUT010,256.7768666666667
FDQ19,OUT018,2329.7821555555556
FDS15,OUT035,2228.5065777777772
FDN32,OUT017,3227.576466666667
FDH32,OUT049,2009.6803111111108
FDF33,OUT017,2149.7942222222223
FDJ22,OUT046,2618.961288888889
FDG56,OUT010,223.48686666666666
FDC05,OUT046,3760.8082888888894
FDK09,OUT013,3974.3821333333335
NCV29,OUT045,2661.9423777777774
NCC43,OUT019,563.4147555555556
NCA42,OUT049,2888.6842666666666
FDC10,OUT046,1734.4829777777777
FDC16,OUT013,1643.0464444444447
NCL17,OUT013,1604.7259555555556
FDA51,OUT035,1732.5595555555556
FDW01,OUT017,3513.130688888889
NCF30,OUT045,1707.9249555555557
FDN49,OUT013,1325.9776888888891
FDY20,OUT045,1362.6706666666664
FDC15,OUT045,2313.7289777777783
FDY24,OUT046,1267.1653555555554
NCG43,OUT017,1804.9098222222224
FDA48,OUT013,3521.786088888889
NCF55,OUT017,717.2145555555556
FDL38,OUT049,1470.4562888888888
NCQ29,OUT018,3322.1940444444444
FDC34,OUT017,2991.8092888888887
FDP36,OUT027,2814.3366
FDN50,OUT010,198.7782888888889
FDO23,OUT049,2232.871266666667
FDT56,OUT013,1212.5697555555553
FDT13,OUT027,5215.137422222222
FDZ03,OUT013,3286.684711111111
FDQ03,OUT010,704.3424222222221
FDU44,OUT045,2481.066711111111
FDD03,OUT049,3397.873311111111
NCH30,OUT013,1792.925422222222
FDS60,OUT010,179.8399777777778
FDG08,OUT046,2694.5665777777776
FDX38,OUT017,896.1668
FDD22,OUT017,1472.5276666666666
FDW51,OUT013,3061.4963555555555
FDL09,OUT017,3141.836222222222
FDZ60,OUT045,1512.6976000000002
NCH07,OUT046,2836.5299333333332
NCQ41,OUT049,2391.5536
FDW04,OUT049,1601.2489999999998
FDI08,OUT027,6067.509377777777
FDR19,OUT019,357.6825555555556
FDV13,OUT046,2004.1319777777778
FDB52,OUT017,4509.019533333333
FDZ48,OUT027,2558.8173555555554
NCO14,OUT049,1084.0703555555556
FDZ50,OUT013,2459.4652
FDN27,OUT019,216.01511111111114
FDQ60,OUT013,2226.583155555555
FDR49,OUT017,1225.8117777777777
DRJ35,OUT027,2091.3517777777774
DRI49,OUT017,1312.2178222222221
FDB47,OUT017,3831.235133333333
FDP37,OUT010,365.52420000000006
FDR26,OUT049,2266.0872888888894
FDY31,OUT019,458.2183555555555
FDC11,OUT045,1991.037911111111
DRP47,OUT035,2924.0456444444444
NCY54,OUT018,2680.7327333333333
FDR27,OUT046,2037.2740222222221
FDQ21,OUT019,441.20346666666666
NCQ29,OUT035,4127.220222222222
FDJ02,OUT046,2973.6107555555554
FDE21,OUT018,1272.8616444444444
FDM39,OUT046,3265.4530888888894
FDZ01,OUT017,1574.5430222222221
NCB19,OUT018,1739.1435777777779
FDU03,OUT046,2313.285111111111
FDP27,OUT049,2155.416533333333
DRF01,OUT045,2243.3761111111107
FDM03,OUT049,1621.4449333333334
FDV01,OUT046,3307.0285999999996
FDS16,OUT046,3057.9454222222225
FDO45,OUT035,1524.9039333333333
NCX06,OUT035,3227.0586222222223
FDP13,OUT046,1233.9493333333332
NCR38,OUT018,3243.3337333333334
FDA01,OUT013,987.9732222222224
FDT26,OUT017,2302.7802666666666
FDD44,OUT027,5146.92991111111
FDB26,OUT013,987.9732222222223
FDP45,OUT019,479.376
NCP55,OUT046,1055.4409555555555
FDT23,OUT017,1719.3175333333336
FDO51,OUT045,1371.917888888889
FDA44,OUT046,1135.410933333333
NCJ31,OUT018,2457.9856444444445
FDX37,OUT045,1814.6748888888887
NCD18,OUT049,3365.766955555556
FDN40,OUT027,3145.7570444444445
FDL33,OUT017,2478.551466666667
DRF48,OUT035,2091.4257555555555
FDW08,OUT035,2425.879288888889
FDX39,OUT018,2843.705777777778
FDB38,OUT049,1500.6392222222223
FDY46,OUT018,2373.2810888888885
NCB06,OUT049,3306.8806444444444
FDA34,OUT035,3924.891
FDA35,OUT045,2174.9466666666667
FDQ07,OUT035,3387.0725555555555
FDU32,OUT045,1814.5269333333333
FDU26,OUT013,2074.928711111111
FDU13,OUT010,222.0812888888889
FDO09,OUT035,3890.9352
FDW03,OUT019,258.3304
FDB38,OUT013,1785.379688888889
FDL26,OUT010,324.39255555555553
NCN43,OUT045,1845.8195333333335
FDH08,OUT045,2418.703444444445
NCC31,OUT019,363.2308888888889
FDH14,OUT035,2779.345111111111
FDL40,OUT017,1749.6484222222223
FDD20,OUT035,2453.768911111111
NCV53,OUT035,3676.695555555556
FDD16,OUT045,1603.8382222222222
FDP24,OUT035,1560.6352
FDQ25,OUT045,3101.518333333334
FDM38,OUT035,2016.634222222222
NCT18,OUT010,380.83760000000007
FDM34,OUT049,2594.8445333333334
DRH37,OUT010,331.9382888888889
NCE07,OUT013,2534.1087777777775
FDG12,OUT013,1848.6306888888892
FDB59,OUT010,470.2027555555555
FDS10,OUT018,2259.0594
FDN21,OUT010,307.30368888888887
FDM02,OUT045,1461.5789555555557
FDO44,OUT049,2091.4257555555555
NCN17,OUT017,2046.5952222222222
FDH16,OUT018,951.4281999999998
FDL44,OUT046,2097.3439777777776
FDY47,OUT017,1975.7984888888886
DRI39,OUT046,796.1488444444444
NCX54,OUT018,1751.7198
FDE59,OUT046,2541.8024666666665
FDO46,OUT045,3354.3004
DRE13,OUT046,1775.3926888888886
FDW14,OUT013,1284.2542222222223
FDF35,OUT046,2719.2751555555556
FDO50,OUT019,263.50884444444443
DRF49,OUT017,1666.7193333333335
FDT60,OUT049,1970.0282222222222
FDP38,OUT045,1103.9703777777777
FDA31,OUT027,4585.512555555555
FDY52,OUT010,207.8035777777778
FDD03,OUT027,6468.986777777777
FDN52,OUT018,780.0956666666666
FDU20,OUT010,259.2921111111111
FDD22,OUT035,1937.0341333333336
NCB55,OUT019,209.80097777777777
FDN27,OUT045,1852.9214000000002
FDD16,OUT013,1357.7141555555556
FDW48,OUT046,1533.2634222222225
DRN35,OUT045,1007.1334666666667
FDX25,OUT049,2833.7927555555557
DRD49,OUT049,3164.8433111111112
FDE21,OUT019,297.90851111111107
FDN44,OUT035,2696.342044444444
DRC01,OUT049,1789.0785777777778
NCK30,OUT046,2917.3876444444445
FDU39,OUT013,1473.7113111111112
FDB49,OUT013,1485.4737777777777
FDS12,OUT045,2365.8833111111107
FDR57,OUT018,2584.7095777777777
FDX22,OUT027,4884.826644444444
FDC60,OUT013,1949.758311111111
NCE42,OUT049,3288.164266666666
NCK42,OUT049,4554.2939333333325
DRE01,OUT017,4165.2448
FDE57,OUT018,2464.4217111111116
DRK59,OUT019,247.52964444444444
FDB10,OUT027,6789.754422222222
FDQ25,OUT046,2690.941666666667
FDY26,OUT017,2683.321955555555
FDG28,OUT049,4124.335088888889
FDM14,OUT049,1641.4929111111112
NCH29,OUT049,2097.196022222222
FDD48,OUT049,1431.2480666666665
FDC17,OUT045,3193.3987333333334
DRH49,OUT027,2004.4278888888891
FDN44,OUT018,2543.8738444444443
FDC29,OUT045,1620.1873111111113
DRK01,OUT019,183.68682222222222
FDD48,OUT017,2015.8944444444444
FDB59,OUT013,2783.044
FDY45,OUT010,467.7614888888889
FDX60,OUT035,1020.2275333333333
FDT09,OUT010,222.96902222222218
DRB24,OUT018,2324.3078
FDL13,OUT035,3433.160711111111
FDN16,OUT035,2035.1286666666665
FDK57,OUT013,1874.153022222222
FDO22,OUT027,1848.7786444444444
FDC57,OUT010,370.25877777777777
FDZ13,OUT027,2289.908133333333
FDW27,OUT013,2454.360733333333
FDX10,OUT049,1090.2105111111111
FDY08,OUT018,1897.9738666666667
FDA49,OUT017,1360.3033777777778
FDC32,OUT018,1455.3648222222223
FDO04,OUT035,1035.8368444444445
NCZ54,OUT013,2704.5535777777777
FDY40,OUT045,720.9134444444444
FDW36,OUT045,1811.6418
FDE11,OUT017,2556.302111111111
DRE37,OUT045,3087.0926666666664
NCK19,OUT017,3690.899288888889
FDT19,OUT035,2166.291266666666
FDE56,OUT045,887.1415111111112
FDZ57,OUT010,289.69697777777776
FDB35,OUT035,2296.862044444444
FDF09,OUT010,210.83666666666667
FDO34,OUT046,2659.7970222222225
FDA55,OUT046,2734.7365111111117
NCM18,OUT035,1105.0800444444444
FDJ20,OUT019,305.6761777777778
DRQ35,OUT019,252.70808888888885
FDG02,OUT013,3491.7511111111107
NCU29,OUT018,2004.8717555555554
FDL27,OUT027,2241.304733333333
NCA54,OUT035,3345.940911111111
FDJ32,OUT035,1293.5754222222222
FDB21,OUT019,401.1814888888889
FDR46,OUT035,2883.5058222222224
FDZ32,OUT046,2630.2059111111107
DRF36,OUT017,3455.945866666667
NCU54,OUT017,3015.038311111111
NCI31,OUT017,874.9351777777778
DRA59,OUT035,2274.002911111111
NCC55,OUT045,2195.2905555555553
FDE44,OUT018,1144.0663333333332
NCN26,OUT018,2452.8811777777782
FDC11,OUT049,2439.713133333333
FDV24,OUT035,1706.2974444444446
FDR40,OUT019,297.83453333333335
NCQ17,OUT049,2469.748111111111
FDC46,OUT045,2308.1066666666666
NCM18,OUT046,1048.7829555555554
FDK16,OUT046,1486.1395777777777
FDI28,OUT017,975.692911111111
FDS11,OUT018,1695.1268000000002
DRD13,OUT046,908.3731333333333
FDL36,OUT035,1171.5860666666667
FDI27,OUT013,1453.0715111111112
FDJ53,OUT019,231.69840000000002
FDS44,OUT045,4343.753177777779
FDE28,OUT046,3652.652777777778
FDQ33,OUT018,2977.901466666667
FDB37,OUT017,2838.675288888889
FDQ31,OUT045,2012.9353333333336
NCQ05,OUT046,2508.438488888889
FDE10,OUT013,2080.255111111111
FDF38,OUT017,1035.0230888888889
FDE50,OUT019,504.8243555555556
DRG37,OUT010,319.2880888888889
NCH06,OUT049,3979.782511111111
FDY14,OUT045,3327.0765777777774
FDO27,OUT017,2107.7748444444446
FDQ19,OUT049,3009.2680444444445
FDZ26,OUT019,489.4369777777777
FDN51,OUT013,3572.2389333333335
FDK20,OUT035,2366.6230888888886
FDD40,OUT018,2458.429511111111
DRI25,OUT018,1218.4879777777778
FDH56,OUT017,2014.6368222222218
FDI36,OUT027,5025.754311111112
DRH11,OUT018,1690.0223333333333
NCV18,OUT017,2247.5928444444444
DRI01,OUT049,2442.5982666666664
DRE48,OUT049,3510.9853333333335
FDS51,OUT035,1422.7406222222223
FDM38,OUT017,1470.826177777778
FDB60,OUT027,4418.766644444444
FDY58,OUT035,4063.1554666666666
FDY22,OUT045,2991.809288888889
FDF11,OUT027,4836.445177777779
FDZ51,OUT035,2063.684088888889
FDQ45,OUT017,3355.4840444444444
FDF17,OUT035,2377.0539555555556
NCF31,OUT027,3700.220488888889
FDA37,OUT013,1271.3081111111112
FDO51,OUT046,2100.894911111111
FDF34,OUT013,2661.424533333333
FDD57,OUT018,1414.8989777777779
FDO37,OUT046,3748.823888888888
FDR49,OUT049,1189.1188
FDS39,OUT049,1611.6798666666666
FDI48,OUT027,2519.091288888889
DRM35,OUT049,2749.014222222222
FDV57,OUT035,3826.7224888888886
FDZ55,OUT013,2913.170911111111
FDI28,OUT035,1048.1911333333333
FDS21,OUT045,1427.3272444444444
FDT34,OUT013,1571.8798222222222
DRI25,OUT035,1128.161111111111
FDT47,OUT010,400.2197777777778
DRH39,OUT045,1125.7198444444448
NCD54,OUT045,1919.6493555555555
FDU16,OUT027,2044.301911111111
NCW29,OUT045,2142.248488888889
FDV25,OUT027,5980.659466666668
FDM56,OUT035,1882.6604666666665
FDZ04,OUT027,1355.3468666666665
FDG59,OUT019,90.91868888888888
FDI56,OUT045,1487.5451555555555
FDS33,OUT035,1588.5988000000002
FDC23,OUT049,2439.713133333333
FDT11,OUT049,2633.978777777778
FDG17,OUT045,4171.089044444445
FDZ44,OUT045,1822.7384666666667
FDJ52,OUT013,2077.000088888889
DRI23,OUT046,2931.073533333333
DRE15,OUT010,236.58093333333332
NCF07,OUT013,1516.1745555555556
NCR29,OUT049,1632.4676222222222
FDE44,OUT019,249.15715555555556
FDT23,OUT035,2136.5522
NCG06,OUT017,3370.6494888888888
NCU41,OUT010,498.09237777777776
FDH46,OUT017,2020.7030000000002
FDV31,OUT013,3013.188866666667
NCT41,OUT027,4072.6986
FDE22,OUT027,3739.576666666667
FDC26,OUT045,1695.4227111111113
DRF51,OUT017,2317.057977777778
NCY53,OUT019,231.69840000000002
FDY21,OUT017,4082.907533333333
FDL27,OUT013,1307.0393777777779
FDZ34,OUT049,2439.713133333333
NCF43,OUT010,347.62157777777776
FDC21,OUT035,2098.3796666666667
FDL26,OUT013,2775.8681555555554
FDT25,OUT010,214.97942222222224
NCR30,OUT046,1252.8136666666667
DRL23,OUT019,219.86195555555557
NCR05,OUT049,2574.7965555555556
NCE19,OUT018,1186.085711111111
FDY07,OUT035,1174.101311111111
FDB10,OUT017,4777.410911111111
FDP57,OUT013,2448.3685333333333
FDU48,OUT019,318.9921777777777
FDH48,OUT035,1070.532422222222
FDO33,OUT035,2472.1154
NCU29,OUT045,2187.1530000000002
FDW35,OUT046,2243.302133333333
FDH05,OUT010,383.3528444444444
FDP26,OUT049,1684.326044444444
DRG27,OUT035,1410.6822444444442
FDQ33,OUT046,2657.5776888888886
FDH20,OUT010,188.64333333333332
FDV14,OUT046,1240.6073333333331
DRD01,OUT046,1090.0625555555555
NCI17,OUT049,1619.2256
FDF39,OUT010,536.1169555555556
FDX37,OUT046,2065.3116
NCX17,OUT035,2856.5779111111115
FDN03,OUT013,3027.836466666666
NCS41,OUT010,478.71020000000004
FDH34,OUT045,2042.896333333333
NCX53,OUT018,2412.7112444444447
FDY31,OUT046,2799.319111111111
FDD20,OUT017,2075.1506444444444
FDE51,OUT045,1060.989288888889
FDV27,OUT046,2236.866066666667
FDF16,OUT035,1730.7840888888888
FDZ02,OUT049,1440.1993777777777
NCK05,OUT045,1666.0535333333335
FDM12,OUT027,4790.504977777778
NCA05,OUT018,1896.3463555555556
FDX33,OUT045,2536.1061777777777
FDM25,OUT049,1899.5274
FDE41,OUT018,1135.1150222222223
FDW14,OUT045,1252.4437777777775
NCD30,OUT046,1450.7781999999997
FDB23,OUT010,466.9477333333333
FDF45,OUT046,1414.6030666666668
FDW20,OUT017,1980.0892000000001
FDF47,OUT045,2716.168088888889
NCR05,OUT019,642.7189333333333
DRB01,OUT046,2289.7601777777777
FDE36,OUT013,3134.9562888888886
FDU56,OUT049,2922.4921111111107
FDB23,OUT049,2608.6783777777778
FDN48,OUT049,1620.4092444444443
FDS43,OUT013,3096.4138666666668
NCN05,OUT013,2333.3330888888886
NCL53,OUT049,2593.438955555556
FDL56,OUT046,1110.1105333333335
FDH17,OUT018,1259.1757555555555
FDP37,OUT046,2394.290777777778
FDG09,OUT019,403.3268444444444
FDA55,OUT045,4269.849377777778
FDX31,OUT049,3609.227822222222
FDJ41,OUT045,4275.1018
DRC24,OUT045,2734.736511111111
FDQ21,OUT035,2244.1158888888885
NCT54,OUT045,1372.0658444444443
FDH08,OUT049,2977.8274888888886
FDY38,OUT018,2964.2895555555556
DRM11,OUT010,333.1219333333333
FDG32,OUT049,3329.369888888889
NCH18,OUT046,2852.361177777778
FDI20,OUT035,3938.0590444444438
FDA33,OUT018,1867.7169555555556
FDN45,OUT013,3191.1054222222224
FDT45,OUT010,291.47244444444436
FDR32,OUT035,3845.586822222223
FDA48,OUT017,3586.812555555556
FDN23,OUT017,2282.436377777778
NCR18,OUT035,1646.3754444444446
FDD45,OUT046,1684.6959333333334
FDI22,OUT018,3025.6911111111112
FDT09,OUT013,3042.8539555555553
DRC24,OUT027,4907.019977777778
FDT39,OUT046,2348.7204666666667
FDX28,OUT045,1111.1462222222224
FDA50,OUT018,1331.4520444444445
FDT33,OUT027,4259.122599999999
FDQ60,OUT049,2373.429044444444
NCM19,OUT018,1281.369088888889
FDF40,OUT046,2896.8958000000002
NCI30,OUT035,2789.3321111111113
FDK34,OUT049,3841.3700888888893
FDA38,OUT027,5991.386244444445
FDT02,OUT045,2142.9882666666667
FDC11,OUT017,1765.997511111111
FDD08,OUT046,1612.0497555555555
NCS29,OUT046,4113.3124
DRI03,OUT010,446.3819111111111
FDK48,OUT035,1157.2343777777778
FDM52,OUT049,2220.516977777778
FDP49,OUT035,2261.9445333333333
DRA24,OUT046,1691.501888888889
NCJ43,OUT049,3186.2968666666666
FDE11,OUT045,2691.0896222222223
FDP01,OUT049,1899.5274
FDQ59,OUT018,835.6529777777778
FDA43,OUT019,452.67002222222226
FDL14,OUT017,2624.509622222222
FDV50,OUT010,270.46275555555553
FDT01,OUT027,5361.391488888889
NCC42,OUT035,2641.5245111111108
FDO28,OUT046,1667.4591111111113
FDD32,OUT019,246.56793333333337
FDV45,OUT035,3298.299222222222
NCW17,OUT019,432.3261333333333
NCJ17,OUT027,1872.3775555555558
NCF18,OUT049,3406.084844444444
FDP01,OUT045,2627.542711111111
FDH24,OUT045,1798.9176222222222
FDI38,OUT027,5232.374244444445
FDX03,OUT035,1593.333377777778
FDY28,OUT046,3240.818488888889
FDN34,OUT018,2385.191511111111
FDJ02,OUT045,2748.570355555555
FDW40,OUT019,321.21151111111107
FDX03,OUT017,823.1507333333334
FDE17,OUT027,4082.8335555555564
FDT58,OUT046,2555.266422222222
FDI38,OUT013,2504.2957333333334
FDW22,OUT035,3702.5138000000006
FDS15,OUT027,3437.0075555555554
NCX06,OUT013,3114.168533333333
DRK47,OUT035,3228.2422666666666
FDC23,OUT027,4258.974644444444
FDM56,OUT010,207.28573333333333
FDP21,OUT046,2735.6982222222223
FDP58,OUT046,3333.956511111111
FDA27,OUT019,395.1153111111111
FDK41,OUT019,149.73102222222224
NCH42,OUT046,2823.1399555555554
FDG29,OUT045,693.6896222222222
FDW15,OUT018,2354.9346
FDD28,OUT018,733.9335333333332
FDQ37,OUT049,3489.3098444444445
FDC23,OUT035,3204.0515333333333
FDV13,OUT035,2083.1402444444448
FDK33,OUT046,2822.2522222222224
FDO33,OUT013,2400.504911111111
FDN21,OUT017,2887.2047111111115
NCW06,OUT027,4659.9342
FDI38,OUT035,2648.922288888889
FDC21,OUT027,3152.563
NCS05,OUT046,1998.7316
NCN53,OUT049,1632.4676222222222
FDV40,OUT010,200.33182222222223
FDG60,OUT017,2726.6729333333333
NCY30,OUT027,4377.413066666667
FDM40,OUT045,1912.9913555555556
NCO30,OUT046,2600.762755555556
FDK10,OUT046,2948.3103555555554
FDM36,OUT045,2506.7369999999996
FDN10,OUT013,2008.496666666667
FDM46,OUT018,1678.6297555555557
FDX50,OUT049,1831.0239777777776
FDP33,OUT045,3189.182
FDO12,OUT045,3232.680933333333
FDC28,OUT013,1888.3567555555553
FDO31,OUT045,1770.3622
FDX45,OUT035,3171.0574444444446
FDV21,OUT049,2559.5571333333337
FDH04,OUT049,1048.265111111111
NCG54,OUT013,2868.4883333333332
FDO13,OUT046,2223.9939333333336
FDA09,OUT027,4048.2859333333327
FDC38,OUT017,2751.7514
NCO42,OUT046,1917.5779777777777
FDL45,OUT049,2329.4122666666667
NCK31,OUT013,1905.815511111111
FDM39,OUT017,1911.141911111111
FDC22,OUT010,303.30888888888893
FDF46,OUT046,1405.4298222222221
FDQ37,OUT045,1957.2300666666665
FDH41,OUT010,577.4705333333334
FDQ04,OUT046,1122.242888888889
NCQ02,OUT027,4534.171977777778
FDJ57,OUT027,3647.696266666667
NCE07,OUT049,2593.7348666666667
FDE56,OUT013,1334.929
FDI20,OUT049,4067.594133333333
FDK36,OUT018,1140.7373333333333
FDP08,OUT027,5576.6668222222215
FDF44,OUT017,2481.140688888889
NCU53,OUT017,2384.303777777778
FDF47,OUT035,3924.891
FDS55,OUT010,307.0817555555556
FDZ52,OUT010,230.58873333333335
FDL04,OUT018,1771.989711111111
NCM26,OUT035,2003.8360666666667
FDX43,OUT049,2490.387911111111
FDP52,OUT049,3280.5445555555557
DRK49,OUT045,1372.6576666666667
FDE38,OUT013,2844.371577777778
DRF13,OUT035,2431.0577333333335
FDK41,OUT010,208.98722222222221
FDJ04,OUT027,2894.3065777777774
FDZ44,OUT018,2040.085177777778
FDS11,OUT013,2096.456244444444
FDA55,OUT049,4097.481155555554
NCW53,OUT046,2813.1529555555558
FDB49,OUT027,3104.033577777778
FDD23,OUT017,2950.529688888889
NCV42,OUT045,1460.3213333333335
NCZ29,OUT018,1733.8911555555558
FDQ26,OUT013,1643.0464444444444
FDV08,OUT017,2120.6469777777775
FDC53,OUT049,1407.7971111111112
FDV58,OUT010,348.3613555555556
NCP02,OUT019,185.75820000000002
DRI37,OUT045,1177.726222222222
FDQ12,OUT049,2918.127422222222
FDE33,OUT046,1411.2740666666666
FDX27,OUT045,1952.6434444444442
FDM22,OUT017,778.3941777777778
NCH30,OUT019,260.9936
FDC04,OUT017,3389.0699555555557
FDO38,OUT046,1715.9885333333334
FDV52,OUT027,3073.628711111111
FDB32,OUT013,1698.0119333333337
FDV43,OUT018,979.6877111111111
FDI24,OUT018,2142.1745111111113
FDR40,OUT017,1304.1542444444447
FDW02,OUT049,1670.122311111111
FDE44,OUT049,1546.0615777777778
FDL38,OUT046,1258.362
NCT54,OUT010,277.4166666666667
DRJ39,OUT010,367.8175111111111
FDW55,OUT049,4300.106288888889
DRF13,OUT019,321.5814
NCW17,OUT049,2226.361222222222
FDP13,OUT035,1785.5276444444441
FDS08,OUT018,2694.4926
NCP17,OUT035,1760.0053111111113
NCO53,OUT035,3031.3873999999996
FDH19,OUT045,2577.6077111111113
FDJ04,OUT017,2064.3498888888885
FDG10,OUT049,1397.2922666666666
FDA40,OUT010,181.98533333333333
FDI53,OUT045,2080.2551111111115
FDU09,OUT010,227.03779999999998
FDK60,OUT045,1962.3345333333334
FDR43,OUT017,1186.3076444444446
FDW22,OUT017,4032.2327555555553
DRP47,OUT010,339.4840222222222
DRG48,OUT010,373.73573333333337
FDA14,OUT035,1670.1223111111112
FDU49,OUT013,1573.8032444444443
FDK28,OUT045,3680.468422222222
FDT19,OUT046,2482.9161555555556
NCQ42,OUT045,1847.6689777777776
FDD03,OUT045,3624.0973555555556
NCM53,OUT013,1698.9736444444445
NCX53,OUT045,1869.9362888888888
FDV14,OUT027,2199.2853555555557
NCZ54,OUT017,2673.7048444444445
FDB39,OUT013,1237.500266666667
DRC24,OUT046,2160.594977777778
FDY36,OUT013,1460.5432666666666
FDN01,OUT035,3287.350511111111
DRH25,OUT046,908.3731333333333
FDV08,OUT046,1958.1178
NCP53,OUT049,3176.9756666666667
FDU52,OUT010,321.13753333333335
NCI42,OUT045,2592.255311111111
FDZ14,OUT035,2411.157711111111
FDF11,OUT046,2109.180422222222
FDQ13,OUT018,1642.1587111111112
FDO32,OUT010,257.73857777777783
DRJ37,OUT018,1983.7141111111112
FDY43,OUT046,1866.9771777777778
NCT41,OUT017,2232.2794444444444
NCV17,OUT045,1913.6571555555556
FDM04,OUT027,1819.261511111111
DRB48,OUT018,1248.3010222222222
FDM24,OUT013,2757.5216666666665
FDT37,OUT049,3860.678288888889
NCO05,OUT010,357.31266666666664
FDL13,OUT046,2303.2241333333336
FDL15,OUT017,2349.8301333333334
FDB11,OUT018,2268.898444444445
FDL14,OUT019,557.8664222222221
FDY10,OUT019,298.1304444444445
FDJ40,OUT049,2258.467577777778
NCW18,OUT046,2532.7032
NCY06,OUT013,2012.0476
DRE13,OUT018,1380.943177777778
FDA26,OUT045,3430.127622222222
NCE19,OUT010,222.9690222222222
FDE33,OUT035,1859.5054222222223
DRL59,OUT027,2091.351777777778
FDY07,OUT046,1487.471177777778
FDF57,OUT018,2730.9636444444445
FDM58,OUT035,1742.102688888889
FDP26,OUT027,2734.2926444444442
FDY32,OUT046,2692.8650888888887
FDD51,OUT010,214.3876
FDU22,OUT018,2228.2846444444444
FDZ49,OUT018,3399.4268444444447
NCI42,OUT017,3139.5429111111107
FDT04,OUT027,1271.4560666666666
NCU41,OUT045,2792.8830444444443
FDS56,OUT045,4579.372399999999
NCN42,OUT017,2459.835088888889
FDK34,OUT046,2829.280111111111
FDB03,OUT017,4531.952644444445
DRJ25,OUT035,1082.1469333333332
FDT25,OUT027,2872.0392666666667
FDN20,OUT013,2669.7840222222226
FDP09,OUT013,2316.466155555556
FDM20,OUT019,506.9697111111111
NCG55,OUT046,1909.3664444444444
NCP14,OUT045,1572.5456222222224
NCH06,OUT046,2688.204488888889
FDV52,OUT013,2211.491688888889
NCL07,OUT035,1753.2733333333335
DRJ11,OUT027,4377.265111111111
DRO59,OUT013,1338.7758444444444
FDW15,OUT010,495.4291777777778
NCQ30,OUT035,2195.2905555555553
NCN54,OUT019,273.6438
FDY01,OUT027,3881.170133333333
FDX39,OUT035,3405.3450666666668
FDH53,OUT027,2275.7044
FDA57,OUT035,1496.7184
NCC07,OUT010,231.92033333333333
FDU28,OUT013,3692.822711111111
FDK36,OUT010,224.89244444444444
FDR36,OUT018,1111.6640666666667
NCQ17,OUT035,2607.4947333333334
FDS28,OUT019,137.4507111111111
FDE08,OUT045,2406.571088888889
FDU22,OUT046,2198.3236444444447
FDG41,OUT045,1688.3208444444444
FDO31,OUT010,218.30842222222222
FDM21,OUT019,475.60313333333335
FDU40,OUT017,3792.6927111111113
FDV36,OUT018,1260.2114444444444
FDT10,OUT027,1663.612266666667
FDX38,OUT045,896.1668
NCU30,OUT027,3401.0543555555555
NCV06,OUT049,3705.8428000000004
FDT16,OUT035,3628.240111111111
NCP41,OUT027,3281.3583111111107
FDZ56,OUT017,3051.435377777778
FDC22,OUT035,2703.517888888889
FDU10,OUT035,1160.1934888888889
FDS46,OUT045,2251.8835555555556
FDO08,OUT049,3417.9212888888887
NCV42,OUT018,2220.073111111111
FDP33,OUT035,3846.6225111111107
FDJ12,OUT046,3404.6792666666665
FDH04,OUT045,1527.8630444444445
NCU54,OUT013,3285.2791333333334
FDO36,OUT010,189.16117777777777
FDT37,OUT027,6174.7771555555555
FDD14,OUT010,315.8111333333334
FDA16,OUT013,3739.4287111111107
NCS42,OUT019,172.4422
FDP10,OUT019,295.8371333333333
FDQ28,OUT049,2965.1033111111115
FDK57,OUT010,308.1174444444444
FDK02,OUT013,2479.365222222222
FDW47,OUT018,2080.033177777778
NCC42,OUT018,1607.9070000000002
FDQ37,OUT018,2966.9527555555555
FDL40,OUT046,1447.5231777777778
DRE13,OUT010,270.46275555555553
FDQ34,OUT027,3257.6854222222223
NCB54,OUT046,2119.537311111111
FDS48,OUT049,2016.0424
FDO15,OUT045,1108.4830222222222
NCT30,OUT013,1151.4641111111112
FDU49,OUT027,2546.4630666666667
FDE21,OUT046,1744.2480444444445
FDS49,OUT019,263.50884444444443
FDT38,OUT027,2301.8925333333336
FDZ01,OUT045,1354.9769777777778
FDC41,OUT035,1038.9439111111112
DRG13,OUT010,332.0122666666666
NCZ42,OUT018,2044.2279333333329
NCM07,OUT045,1409.4246222222223
NCV17,OUT018,1582.310688888889
DRK39,OUT035,1687.211177777778
FDS37,OUT018,1883.1783111111108
FDV12,OUT019,348.06544444444444
NCG19,OUT018,3252.4330000000004
FDS51,OUT013,1256.8084666666664
NCO14,OUT046,1291.8739333333333
FDC38,OUT046,2251.2917333333335
FDN15,OUT046,2147.205
NCH42,OUT013,3867.4102666666668
FDQ22,OUT046,1730.044311111111
FDC05,OUT013,2597.9516
FDZ31,OUT013,3936.8753999999994
DRJ23,OUT049,2555.1924444444444
FDC52,OUT035,2682.0643333333337
DRD12,OUT010,393.7837111111111
FDV55,OUT017,2738.287444444444
FDD32,OUT046,1457.6581333333334
FDR01,OUT049,3359.1829333333335
FDY08,OUT019,357.68255555555555
FDQ45,OUT045,3206.9366666666665
DRN11,OUT027,4119.3785777777775
NCS05,OUT018,1949.9802444444442
FDY32,OUT035,3182.0801333333334
NCD31,OUT045,3241.8541777777777
NCE06,OUT049,3314.5003555555554
NCP14,OUT046,1350.5383111111112
NCF18,OUT019,419.8978666666667
FDF14,OUT018,2237.827777777778
FDB22,OUT017,1534.0032
NCH54,OUT049,4115.3098
FDU27,OUT035,2125.2336
FDS58,OUT027,4356.255422222222
NCU29,OUT035,2519.3871999999997
FDJ57,OUT013,2536.0322
FDL56,OUT049,1566.8493333333333
FDH60,OUT035,4125.740666666667
FDN24,OUT018,1254.4411777777777
FDD02,OUT017,2519.4611777777777
FDP15,OUT017,2882.6920666666665
FDB28,OUT027,4609.851244444444
DRC49,OUT045,2051.9956
NCG30,OUT018,1827.9908888888885
FDJ14,OUT049,1294.3891777777778
FDL52,OUT045,938.778
NCG19,OUT027,5564.904355555555
NCN41,OUT035,2400.800822222222
FDW22,OUT013,3369.6138
FDI02,OUT013,1667.1632
FDV51,OUT045,2163.3321555555553
FDV48,OUT046,1110.7023555555554
NCL17,OUT019,260.47575555555557
FDP46,OUT045,2620.7367555555556
FDU10,OUT045,849.1169333333332
FDT37,OUT010,345.03235555555557
FDI27,OUT035,1418.0060444444446
FDN51,OUT046,2417.963666666667
FDW07,OUT035,1648.6687555555554
FDN45,OUT049,3109.8778222222227
DRN37,OUT027,5521.331444444444
DRF48,OUT049,2328.376577777778
FDP38,OUT019,263.50884444444443
NCX18,OUT027,4820.244044444444
FDK45,OUT018,2000.3591111111116
FDZ37,OUT049,1776.5023555555556
FDS50,OUT018,3288.682111111111
NCR54,OUT018,2305.295511111111
NCS17,OUT035,1814.1570444444444
FDV31,OUT046,2429.0603333333333
DRE27,OUT017,1328.5669111111113
FDN60,OUT013,2414.7086444444444
FDK26,OUT013,2512.803177777778
FDX37,OUT018,1101.1592222222223
FDW31,OUT046,2853.3968666666665
FDX26,OUT018,3280.3966
DRL49,OUT019,353.5398
FDU49,OUT017,2028.1747555555553
FDY58,OUT046,2528.560444444445
FDN03,OUT045,3138.1373333333336
NCV06,OUT010,461.3994
FDH53,OUT045,1180.9072666666666
FDG31,OUT018,1094.5752
NCC06,OUT045,1614.0471555555555
FDS13,OUT049,2772.983022222222
FDP16,OUT035,3863.785355555555
FDA35,OUT013,1762.298622222222
DRP47,OUT018,2791.403488888889
FDY28,OUT010,329.9408888888889
FDY20,OUT035,1733.1513777777777
NCH30,OUT017,2374.8346222222226
NCR29,OUT019,138.56037777777777
NCP05,OUT013,2139.5852888888894
NCF30,OUT019,228.07348888888887
FDA08,OUT035,2347.314888888889
FDN51,OUT027,6497.690155555556
FDH12,OUT046,2381.862511111111
FDY39,OUT017,2550.6058222222223
NCO53,OUT045,2530.187955555555
FDB40,OUT046,2454.2867555555554
FDH02,OUT049,1941.6947333333333
FDY11,OUT027,2814.3366
FDQ09,OUT019,345.84611111111116
FDP16,OUT013,3439.3008666666665
NCF55,OUT018,1283.3664888888889
FDY09,OUT027,5333.945733333333
FDY39,OUT045,2741.0986
NCU53,OUT049,2955.4862000000003
NCT41,OUT049,2403.168111111111
FDJ45,OUT046,1160.6373555555556
FDR28,OUT013,2859.9808888888892
FDN08,OUT013,1858.321777777778
FDJ07,OUT049,1287.9531111111112
FDZ09,OUT027,4045.992622222222
FDQ14,OUT017,2034.9067333333332
FDY12,OUT027,1557.2322222222222
FDK57,OUT046,1892.1296222222222
FDD20,OUT049,2551.789466666667
FDS36,OUT018,2050.072177777778
FDI40,OUT049,1644.3040666666666
FDJ40,OUT045,2171.9135777777774
FDE08,OUT013,2260.021111111111
DRK01,OUT013,1608.4988222222223
FDC58,OUT049,1523.0544888888887
FDE50,OUT046,3282.6899111111115
FDX48,OUT035,2398.285577777778
DRM35,OUT018,2104.8157333333334
FDG41,OUT013,1437.0183333333334
FDB52,OUT046,3110.8395333333333
FDV19,OUT045,2471.4496
DRG48,OUT017,1967.9568444444444
FDI26,OUT013,3113.650688888889
FDU11,OUT019,361.6033777777777
FDF59,OUT019,247.01180000000002
FDR07,OUT049,1932.7434222222219
NCE06,OUT017,2636.1241333333332
FDE10,OUT046,1757.0462
NCO55,OUT046,1401.2870666666668
FDZ13,OUT013,912.5158888888889
FDT50,OUT017,1588.5248222222222
FDH12,OUT010,280.0058888888889
FDD21,OUT045,1671.7498222222223
NCM05,OUT013,3062.0881777777777
FDK04,OUT013,1517.432177777778
FDN33,OUT017,1384.6420666666666
NCM18,OUT010,124.72653333333331
DRC25,OUT049,1622.850511111111
FDT47,OUT017,1884.8058222222223
FDD45,OUT027,2881.1385333333333
NCD07,OUT018,1927.5649777777778
NCY54,OUT010,350.50671111111103
FDL12,OUT049,1286.6215111111112
FDL02,OUT017,2152.1615111111114
FDC60,OUT035,1749.0566
FDR37,OUT017,2627.542711111111
FDY16,OUT017,3292.4549777777775
FDU26,OUT045,2044.5238444444444
FDN24,OUT013,1392.1138222222223
FDH44,OUT013,1558.415866666667
FDE23,OUT010,214.4615777777778
FDW60,OUT017,3178.6031777777775
FDQ55,OUT049,2213.9329555555555
FDV32,OUT027,1973.8750666666665
FDV03,OUT010,388.82719999999995
FDY14,OUT010,464.5064666666667
NCL55,OUT027,3173.3507555555557
DRF25,OUT017,973.7694888888889
FDX03,OUT046,1528.6768000000002
FDF40,OUT045,2965.4731999999995
FDX24,OUT010,134.78751111111112
FDA25,OUT049,1516.1745555555556
FDH21,OUT018,2630.7977333333333
FDB47,OUT010,434.69342222222224
FDT34,OUT019,301.5334222222222
FDS39,OUT010,375.21528888888884
NCU05,OUT046,1292.687688888889
FDE02,OUT049,1698.899666666667
FDL25,OUT035,2505.627333333333
FDC50,OUT049,1540.8831333333333
FDZ32,OUT049,2130.929888888889
FDV14,OUT045,1417.9320666666667
FDR07,OUT045,1657.3241555555555
FDB26,OUT049,1417.784111111111
NCR50,OUT045,2307.588822222222
FDP01,OUT018,1884.4359333333332
FDH57,OUT045,1819.2615111111113
FDM60,OUT027,2519.091288888889
FDA45,OUT017,2774.314622222222
FDU55,OUT017,4389.915311111112
FDH40,OUT035,1496.5704444444445
FDG40,OUT019,94.98746666666666
FDT12,OUT049,3948.0460444444448
DRL59,OUT045,976.1367777777778
FDT47,OUT018,1695.1268
FDI60,OUT017,1834.3529777777778
DRF51,OUT027,1911.1419111111109
NCK31,OUT049,1678.851688888889
FDB08,OUT045,2397.915688888889
FDM44,OUT035,1769.7703777777779
FDD46,OUT018,1568.4028666666663
FDR27,OUT019,512.1481555555555
FDV56,OUT010,193.52586666666664
FDM02,OUT049,1436.7224222222223
FDU45,OUT018,1636.9062888888889
FDZ10,OUT017,1920.1671999999999
NCK31,OUT010,345.5502
FDR27,OUT035,2419.5172000000002
FDF33,OUT013,986.4196888888887
FDJ36,OUT046,2055.8424444444445
FDP33,OUT049,3567.504355555556
FDG17,OUT046,3949.895488888889
FDG47,OUT027,4622.501444444444
NCW29,OUT046,1852.0336666666667
DRH59,OUT017,1309.9984888888887
FDR32,OUT017,4475.285666666667
FDP48,OUT035,2656.7639333333336
FDG17,OUT035,3995.021933333334
DRJ59,OUT017,812.8678222222221
FDY48,OUT027,2189.0024444444443
FDB02,OUT046,3030.0558
FDN10,OUT019,377.5086
NCD55,OUT035,1286.4735555555553
FDX34,OUT013,1602.7285555555554
FDZ38,OUT045,4004.4171111111114
DRF37,OUT049,3220.6225555555557
DRL47,OUT019,224.74448888888887
FDL27,OUT035,1788.1908444444443
NCP53,OUT035,3630.829333333333
FDT03,OUT019,262.1032666666667
FDJ28,OUT035,3142.280088888889
FDF40,OUT018,2856.873822222222
FDA32,OUT035,3775.7518
NCP02,OUT017,1085.0320666666667
FDZ31,OUT045,3509.4318000000003
NCQ29,OUT013,3331.7371777777776
FDP57,OUT010,365.30226666666664
FDL32,OUT027,3273.9605333333334
DRB01,OUT035,2489.2042666666666
FDJ40,OUT046,2268.1586666666667
FDO24,OUT018,2012.3435111111112
FDO11,OUT018,1695.1268000000002
FDA56,OUT035,1907.9608666666666
FDF02,OUT045,1988.5966444444446
FDA10,OUT013,2509.178266666667
NCI55,OUT017,2402.6502666666665
FDZ40,OUT010,199.81397777777778
FDV08,OUT049,826.4797333333333
FDN48,OUT013,1623.6642666666667
FDU57,OUT017,2025.8074666666664
DRF49,OUT013,2000.0632
FDS02,OUT035,3354.6702888888885
FDS43,OUT046,2232.945244444445
FDT16,OUT013,3331.1453555555554
FDX19,OUT027,6143.928422222222
FDK15,OUT046,1833.5392222222222
DRA12,OUT049,2649.884
FDY35,OUT017,1733.2253555555558
NCU42,OUT013,2897.931488888889
FDD26,OUT013,3238.007333333333
FDR11,OUT018,1695.1268
NCP53,OUT045,3469.2618666666663
FDP34,OUT045,2922.862
NCV41,OUT019,355.2412888888889
FDN20,OUT018,2502.5942444444445
FDZ16,OUT018,1620.1133333333337
FDZ28,OUT049,2230.577955555555
NCL55,OUT013,2740.7287111111114
NCJ17,OUT046,1713.1034000000002
FDT37,OUT046,3273.442688888889
FDV51,OUT049,2218.741511111111
FDZ28,OUT035,2742.5041777777774
FDN27,OUT013,2270.082088888889
FDS14,OUT019,343.03495555555554
FDZ58,OUT045,1693.0554222222224
FDD46,OUT046,2035.646511111111
FDJ03,OUT035,1415.5647777777779
FDU03,OUT010,488.4752666666666
FDA33,OUT027,3411.115333333333
NCW53,OUT035,2597.507733333334
NCC55,OUT017,634.2854666666667
FDP52,OUT019,448.52726666666666
FDE39,OUT049,2007.7568888888886
FDB44,OUT035,2441.6365555555553
FDG59,OUT013,2179.089422222222
FDI05,OUT013,1340.8472222222222
FDF59,OUT045,2498.3775111111113
FDM39,OUT019,393.7837111111111
FDB14,OUT013,1647.7810222222222
NCS05,OUT019,488.5492444444444
DRJ35,OUT045,1007.1334666666667
FDO31,OUT019,246.56793333333337
FDA31,OUT046,2788.0744888888894
FDX40,OUT049,874.0474444444444
FDW56,OUT045,2278.6635111111113
FDH09,OUT018,1236.834466666667
FDA52,OUT019,414.79339999999996
FDF20,OUT019,506.9697111111111
FDE40,OUT046,1387.6011777777778
NCU17,OUT046,2068.7145777777782
NCP14,OUT035,1989.0405111111115
FDN25,OUT027,3418.0692444444444
FDU39,OUT049,1394.8509999999999
NCM05,OUT017,3350.4535555555553
FDU07,OUT017,2612.4512444444445
FDF28,OUT049,2435.4964
FDR57,OUT049,2404.0558444444446
FDJ33,OUT013,1634.465022222222
DRH23,OUT035,1594.4430444444447
FDQ52,OUT046,3503.3656222222216
DRK13,OUT035,1952.865377777778
FDP09,OUT046,2680.0669333333335
FDR08,OUT027,3695.337955555556
FDV50,OUT045,1735.5926444444444
FDT13,OUT049,2790.7376888888884
FDJ27,OUT027,2997.4315999999994
FDH21,OUT046,2560.2969111111106
FDW14,OUT027,2724.379622222222
FDL52,OUT049,1054.0353777777777
FDW28,OUT017,3788.180066666667
FDL40,OUT049,1164.0403333333334
FDE24,OUT046,2321.7185777777777
FDX35,OUT049,2660.980666666667
FDP46,OUT017,2483.2120666666665
FDX56,OUT045,4103.399377777778
FDQ45,OUT049,3004.2375555555554
FDK50,OUT027,4656.087355555555
FDY26,OUT045,2965.4731999999995
FDQ09,OUT017,1725.2357555555557
FDN39,OUT049,2511.8414666666667
FDP13,OUT017,1515.2128444444445
FDR51,OUT013,2045.3376
FDZ49,OUT010,304.3445777777778
FDL28,OUT018,2678.3654444444446
FDZ10,OUT035,2245.817377777778
FDK38,OUT013,2273.411088888889
DRL49,OUT027,3821.8399555555557
FDR15,OUT013,1759.1915555555556
FDQ24,OUT035,3341.8721333333333
FDD56,OUT013,3140.0607555555557
NCR42,OUT046,1401.6569555555552
FDH52,OUT045,1136.1507111111111
FDH57,OUT019,314.7754444444445
FDR15,OUT010,403.6227555555556
FDJ34,OUT035,2107.1090444444444
FDW37,OUT035,1610.7921333333334
FDQ23,OUT018,2569.026288888889
FDP34,OUT013,3240.374622222222
FDE04,OUT027,4889.043377777778
FDC48,OUT045,1679.5914666666665
FDA47,OUT019,336.1550222222222
FDI35,OUT018,2241.3047333333334
NCV05,OUT013,2037.052088888889
FDR28,OUT045,3053.950622222222
FDH31,OUT017,1506.8533555555557
FDP59,OUT019,234.5835333333333
FDS19,OUT018,1064.8361333333332
FDM60,OUT045,1056.6246
FDJ44,OUT018,2912.875
DRH51,OUT017,1332.1178444444442
DRC25,OUT017,1723.4602888888887
DRE25,OUT013,1572.027777777778
NCX05,OUT049,1625.7356444444445
FDR11,OUT017,2361.000777777778
DRP47,OUT045,3304.2914222222225
DRC49,OUT019,379.94986666666665
FDQ47,OUT027,3251.2493555555557
FDL20,OUT013,1296.5345333333335
FDM34,OUT035,2668.3784444444445
NCN55,OUT013,2860.1288444444444
FDD41,OUT035,1124.7581333333335
FDE52,OUT049,1110.1845111111113
NCT18,OUT019,257.2207333333333
FDJ32,OUT018,952.9077555555555
FDE16,OUT046,3562.9177333333337
FDZ09,OUT045,2061.7606666666666
DRZ11,OUT046,1560.3392888888889
FDK41,OUT049,1353.6453777777779
FDE56,OUT049,1450.4083111111113
FDH34,OUT013,2700.706733333333
DRI49,OUT013,2284.2118444444445
DRI59,OUT046,2921.7523333333334
DRC36,OUT049,1789.0785777777778
FDS15,OUT019,440.83357777777775
FDI07,OUT018,2148.166711111111
FDZ15,OUT018,1785.8235555555557
NCX41,OUT027,4718.154711111111
NCO29,OUT019,558.8281333333333
FDF57,OUT013,3018.293333333333
FDI33,OUT035,1983.9360444444444
DRJ47,OUT049,2457.1718888888886
FDB34,OUT046,1759.9313333333334
FDY22,OUT027,3244.8132888888886
DRL11,OUT017,2676.9598666666666
FDY46,OUT035,3056.3179111111112
FDG17,OUT013,3057.945422222222
FDE52,OUT018,1216.120688888889
DRP47,OUT027,4515.6035555555545
FDO01,OUT010,344.66246666666666
FDL09,OUT046,2719.201177777778
FDR57,OUT013,2374.0208666666667
DRD37,OUT035,1184.828088888889
FDQ36,OUT027,2354.1208444444446
FDL33,OUT049,3784.9250444444447
FDL48,OUT045,1868.8266222222223
FDL28,OUT049,4005.9706444444446
NCN29,OUT046,1149.1707999999999
FDO13,OUT035,3912.388755555555
FDB38,OUT045,2946.5348888888893
FDI36,OUT035,3621.2122222222224
FDI58,OUT035,1516.6184222222223
FDH22,OUT018,1743.9521333333332
FDQ27,OUT013,1628.176911111111
FDT33,OUT046,2804.941422222222
FDC56,OUT045,2143.5800888888893
FDF14,OUT046,2998.0234222222225
FDQ39,OUT017,2559.1132666666667
NCM43,OUT017,2468.416511111111
FDS46,OUT035,2335.7743555555558
FDI22,OUT049,3031.091488888889
NCE43,OUT045,2994.990333333333
FDZ36,OUT010,197.00282222222222
FDR13,OUT019,432.9179555555555
FDP46,OUT018,1547.689088888889
FDW56,OUT019,476.26893333333334
FDB40,OUT017,2677.1078222222222
FDM28,OUT018,2679.9929555555555
FDV49,OUT013,3694.894088888889
NCS53,OUT018,2067.7528666666667
FDO03,OUT049,3442.112022222222
FDT15,OUT035,3449.287866666667
FDD33,OUT049,3768.7978888888883
FDX13,OUT017,3817.771177777777
FDH60,OUT013,2766.9908222222225
DRH51,OUT046,1298.4579555555556
NCL07,OUT049,1538.1459555555557
FDW51,OUT045,2616.520022222222
FDF21,OUT019,435.21126666666663
FDH26,OUT019,470.4986666666666
FDJ03,OUT049,1110.184511111111
FDU35,OUT017,1458.6198444444444
DRL01,OUT018,1904.9277777777777
FDE59,OUT045,1416.2305777777779
FDI60,OUT035,1430.6562444444444
DRH39,OUT035,1048.1171555555554
FDK36,OUT049,1010.0186
FDN52,OUT045,1312.2918
FDU12,OUT017,2746.6469333333334
NCT05,OUT027,5152.848133333334
FDS37,OUT027,2710.9156666666668
FDK24,OUT017,1298.6798888888889
DRF36,OUT013,3022.6580222222224
FDN46,OUT010,296.3549777777778
NCN06,OUT045,2357.0799555555554
FDD59,OUT035,2340.878822222222
FDM14,OUT045,1352.3877555555555
FDO10,OUT018,745.1041777777777
FDU35,OUT013,1824.3659777777777
NCA30,OUT018,2796.9518222222223
NCO41,OUT049,1540.291311111111
FDI24,OUT046,3242.372022222222
FDZ16,OUT046,2983.079911111111
FDV47,OUT046,3083.7636666666667
FDV16,OUT045,903.8604888888889
FDZ22,OUT035,1448.2629555555554
FDO20,OUT010,511.70428888888887
FDW38,OUT013,1284.2542222222223
FDW52,OUT045,3053.950622222222
FDT43,OUT019,266.0240888888889
NCS29,OUT045,3312.7988666666665
NCC31,OUT017,2396.3621555555555
FDA21,OUT017,3263.603644444445
FDQ55,OUT046,2324.381777777778
NCE54,OUT049,2160.816911111111
FDD45,OUT017,1016.1587555555556
NCP17,OUT017,1577.3541777777775
FDR47,OUT035,2589.592111111111
DRM35,OUT013,3169.9477777777774
FDR47,OUT019,394.37553333333335
FDX19,OUT010,469.758888888889
FDV22,OUT027,4732.358444444445
FDQ46,OUT027,3353.4126666666666
DRO47,OUT045,2031.3558
FDB44,OUT010,392.96995555555554
FDN02,OUT010,324.3925555555556
FDW10,OUT045,2515.688311111111
FDJ41,OUT019,509.4109777777779
FDM50,OUT046,1085.327977777778
FDW10,OUT035,2710.3238444444446
FDY48,OUT049,1607.0932444444445
NCE30,OUT027,5804.222466666667
FDO04,OUT045,865.0221555555557
FDQ26,OUT010,234.28762222222224
NCX29,OUT018,1884.3619555555556
FDE39,OUT046,1947.6129555555553
NCR54,OUT027,5481.457422222223
NCP55,OUT027,2185.229577777778
FDX22,OUT017,3442.4819111111115
FDI05,OUT035,1248.5229555555554
FDC51,OUT027,3013.854666666667
FDC10,OUT013,2064.6458000000002
FDJ46,OUT045,2192.257466666667
FDV10,OUT010,227.0378
FDX12,OUT027,4966.9419777777775
FDL43,OUT019,200.77568888888888
DRB13,OUT046,2908.9541777777777
FDF59,OUT027,4087.198244444444
FDT35,OUT049,2815.8161555555557
NCJ19,OUT035,1909.0705333333333
FDT35,OUT018,1695.1268
FDI48,OUT046,911.7021333333333
DRC24,OUT019,321.5814
NCZ05,OUT017,2100.672977777778
FDJ57,OUT049,3030.129777777778
FDX11,OUT017,2173.9109777777776
FDE09,OUT035,1979.2014666666666
NCK06,OUT049,2226.2872444444442
DRE37,OUT017,2800.206844444444
FDV56,OUT046,1653.6992444444445
FDY43,OUT017,2449.330244444445
FDV35,OUT013,2368.990377777778
FDF05,OUT019,509.4109777777779
FDA36,OUT035,1980.015222222222
FDS13,OUT027,5359.6900000000005
FDU47,OUT013,2096.456244444444
FDI36,OUT010,327.2037111111111
FDH48,OUT046,1491.3180222222222
FDZ14,OUT013,1618.9296888888887
FDS46,OUT013,2734.736511111111
FDE21,OUT017,1958.4137111111113
FDA26,OUT049,3070.595622222222
FDV12,OUT046,2135.2206
FDL46,OUT019,298.1304444444445
FDN57,OUT013,2545.8712444444445
NCJ18,OUT017,1785.7495777777779
FDO36,OUT045,1838.6436888888888
FDX55,OUT018,2675.5542888888885
FDT25,OUT019,259.51404444444444
FDD16,OUT049,1123.9443777777778
NCX18,OUT013,3240.226666666667
NCG55,OUT018,1507.593133333333
NCV18,OUT049,1376.7264444444443
NCS18,OUT035,2089.354377777778
FDC37,OUT045,1488.9507333333333
FDE47,OUT046,2837.195733333333
DRG49,OUT019,447.78748888888884
FDC39,OUT049,2930.777622222222
FDH24,OUT019,358.1264222222222
FDV39,OUT027,4987.6557555555555
NCL17,OUT045,1981.1988666666666
NCY53,OUT035,2194.550777777778
FDH52,OUT013,1359.4896222222221
NCD19,OUT018,1191.5600666666667
FDI44,OUT046,1038.4260666666667
DRD49,OUT027,4427.57
FDN08,OUT035,1893.3132666666668
FDO20,OUT027,6157.318399999999
FDY02,OUT046,3273.516666666667
FDX23,OUT045,1915.432622222222
FDX01,OUT017,1846.3373777777779
FDH20,OUT027,2705.8851777777777
NCX41,OUT017,3012.745
FDD21,OUT027,3344.609311111111
DRH11,OUT019,209.06119999999999
DRE60,OUT018,2667.4167333333335
FDB10,OUT013,3048.402288888889
FDH38,OUT013,1803.2083333333333
NCL07,OUT018,1077.2644
FDD48,OUT046,1727.6770222222221
NCT54,OUT027,2534.1827555555556
FDF32,OUT027,5703.538711111111
DRH51,OUT045,1652.7375333333334
DRG03,OUT035,2377.201911111111
NCY42,OUT019,339.41004444444445
FDH32,OUT017,1471.713911111111
NCJ06,OUT027,3722.5617777777784
FDH47,OUT027,2753.8227777777774
FDZ08,OUT018,1165.519888888889
FDK16,OUT017,1508.9247333333335
DRG01,OUT018,833.4336444444443
NCM53,OUT027,3012.8929555555555
NCB07,OUT035,3370.0576666666666
NCZ06,OUT035,3327.0765777777774
FDU48,OUT049,2121.016866666667
NCB55,OUT027,2014.5628444444442
FDP15,OUT013,2865.973088888889
FDF17,OUT046,2821.142555555555
NCN06,OUT049,3312.946822222222
DRM48,OUT018,646.1219111111111
FDH10,OUT046,2383.1201333333333
FDC60,OUT018,1314.585111111111
FDE35,OUT018,1490.5042666666668
DRI23,OUT013,2708.9182666666666
NCR38,OUT013,3966.540488888889
FDP04,OUT035,1057.2904
NCW17,OUT045,1717.468088888889
FDX34,OUT017,1704.3740222222225
NCK53,OUT045,1856.9901777777777
NCO54,OUT010,221.26753333333332
NCH55,OUT046,2080.255111111111
FDT44,OUT027,3171.427333333334
DRG49,OUT046,2565.8452444444442
FDX46,OUT010,212.83406666666667
DRG36,OUT049,2944.537488888889
FDU37,OUT049,1112.5518
FDK10,OUT049,3234.5303777777776
DRF37,OUT027,4978.778422222222
FDC44,OUT035,1914.7668222222226
FDP15,OUT046,2697.0078444444443
FDZ27,OUT027,2006.2033555555556
FDY22,OUT019,237.09877777777774
DRG51,OUT035,2795.250333333333
FDN58,OUT045,4280.428199999999
FDW01,OUT049,2035.128666666667
FDX24,OUT018,1198.8838666666666
FDO51,OUT017,1474.007222222222
FDJ52,OUT027,4765.7964
NCY06,OUT010,249.89693333333332
FDE20,OUT018,1859.7273555555557
FDT23,OUT010,307.0077777777778
FDQ51,OUT046,1528.6768000000002
FDE35,OUT046,2024.2539333333339
FDB46,OUT013,1583.7162666666668
NCG19,OUT035,3207.7504222222224
NCL06,OUT018,3137.3975555555553
FDT36,OUT019,327.3516666666667
FDC56,OUT049,1342.548711111111
FDJ26,OUT049,2699.892977777778
FDZ59,OUT017,3059.7208888888886
FDV11,OUT027,3918.8988000000004
FDR13,OUT010,213.86975555555557
FDI15,OUT018,3157.815422222222
FDF47,OUT018,2060.0591777777777
NCB54,OUT019,308.7092666666667
NCK19,OUT027,3173.3507555555557
FDX16,OUT017,2454.434711111111
FDL50,OUT045,1811.7897555555553
NCE31,OUT035,1291.9479111111114
DRJ01,OUT049,2213.858977777778
FDE22,OUT013,3303.847555555555
FDY20,OUT019,254.1136666666667
NCO14,OUT045,764.3384000000001
NCR50,OUT017,2540.618822222222
DRM47,OUT017,3262.9378444444446
FDO27,OUT010,333.71375555555557
FDJ20,OUT027,3247.550466666667
NCX17,OUT013,3068.524244444445
FDG59,OUT049,2439.713133333333
FDD52,OUT045,1795.2187333333334
FDO48,OUT017,2246.6311333333333
FDC59,OUT019,225.7801777777778
FDS15,OUT018,1672.193688888889
FDB47,OUT035,3521.1942666666664
FDV14,OUT019,229.3311111111111
FDB27,OUT013,2537.141866666667
FDA35,OUT035,1493.6853111111113
FDN51,OUT018,2730.2238666666667
FDO39,OUT019,577.6184888888888
FDB28,OUT049,2730.1498888888887
DRJ25,OUT046,951.798088888889
FDH46,OUT027,2785.781177777778
FDI10,OUT045,2811.3774888888893
FDU21,OUT018,772.1060666666667
FDD09,OUT049,2722.9740444444446
FDD10,OUT046,2232.5013777777776
FDN31,OUT010,445.7161111111111
FDA46,OUT018,3171.0574444444446
FDM56,OUT046,1629.2125999999998
FDF11,OUT010,533.0838666666666
FDS32,OUT018,1383.6063777777777
NCM06,OUT013,2738.6573333333336
FDZ26,OUT045,4856.71508888889
FDO01,OUT013,1635.5746888888889
FDJ46,OUT049,2839.0451777777776
FDG26,OUT019,684.6643333333334
FDZ38,OUT035,2087.9488
NCO55,OUT013,1924.1619999999998
FDT60,OUT035,1784.048088888889
FDW37,OUT049,1861.7247555555555
NCK42,OUT018,3004.9773333333333
FDA45,OUT046,2265.9393333333333
FDW55,OUT018,2264.089888888889
FDY44,OUT017,3787.3663111111114
FDQ31,OUT017,2072.931311111111
FDM09,OUT049,2573.6868888888885
FDH12,OUT018,1596.5144222222223
NCQ43,OUT035,2003.8360666666667
FDT33,OUT035,2568.878333333333
NCT41,OUT018,1777.4640666666664
DRJ25,OUT010,388.1614
NCQ41,OUT046,4033.5643555555557
NCN17,OUT049,1747.2811333333334
DRO35,OUT027,4033.1204888888888
FDU27,OUT018,2077.9618
FDY43,OUT027,4889.043377777777
FDG46,OUT035,2313.2111333333332
DRL49,OUT018,1849.7403555555559
NCB55,OUT049,1318.357977777778
FDK28,OUT049,3542.647822222222
FDO49,OUT045,1872.599488888889
FDT03,OUT013,2805.4592666666667
FDW33,OUT027,3601.3861777777774
FDR02,OUT035,1248.375
FDF50,OUT013,3352.1550444444447
FDA40,OUT018,806.0618666666667
NCT53,OUT018,1849.9622888888891
FDY60,OUT035,2656.7639333333336
FDP44,OUT027,2892.3831555555557
NCQ50,OUT045,2764.031711111111
NCC30,OUT017,3731.0692222222224
FDQ60,OUT018,1713.5472666666667
FDG41,OUT046,1704.743911111111
FDQ03,OUT046,2417.963666666667
FDM03,OUT045,2176.3522444444443
FDZ51,OUT018,1544.2121333333334
DRF51,OUT035,883.4426222222222
FDF39,OUT017,4760.100111111111
FDW52,OUT035,2595.5103333333336
FDY22,OUT049,2310.0300888888887
FDG14,OUT013,1689.6524444444447
FDA57,OUT017,1078.1521333333335
FDL45,OUT019,453.1878666666667
FDX28,OUT046,1518.319911111111
NCQ54,OUT013,3114.1685333333335
FDH40,OUT045,1445.155888888889
FDU52,OUT035,2204.759711111111
FDT60,OUT010,266.1720444444444
FDK08,OUT045,1982.1605777777777
FDN04,OUT049,3142.428044444445
FDE50,OUT013,1958.2657555555556
FDI16,OUT049,1200.6593333333335
FDM50,OUT049,1417.784111111111
NCV30,OUT049,1635.8706
FDT44,OUT013,1429.4726
FDY60,OUT013,1979.4234000000001
FDT56,OUT017,1138.887888888889
FDV58,OUT018,2478.3295333333335
FDU04,OUT013,1679.8873777777778
NCN05,OUT027,3550.119577777778
FDI53,OUT018,2157.931777777778
FDD34,OUT046,2641.5245111111117
FDW47,OUT027,2705.2933555555555
FDT51,OUT027,3156.927688888889
FDO27,OUT013,1809.940311111111
NCQ18,OUT018,1550.6481999999999
NCW05,OUT013,1811.7897555555558
FDI15,OUT010,526.943711111111
NCH43,OUT010,490.76857777777775
FDT40,OUT049,1970.768
NCG19,OUT017,3320.2706222222223
NCM30,OUT035,1673.9691555555555
FDB38,OUT017,2737.0298222222227
FDB22,OUT046,2202.6143555555554
FDC58,OUT046,1803.3562888888891
NCI29,OUT013,1760.967022222222
FDA23,OUT010,211.87235555555557
DRG48,OUT013,2035.2026444444446
FDV21,OUT013,2632.203311111111
NCG18,OUT019,285.70217777777776
FDG40,OUT045,829.8087333333334
FDU24,OUT018,1265.4638666666665
FDA22,OUT049,2439.713133333333
FDY35,OUT046,2260.391
FDJ15,OUT045,2516.1321777777775
NCW18,OUT018,3253.3207333333335
FDK56,OUT018,2941.7263333333335
FDF44,OUT046,2494.900555555556
FDP51,OUT049,2371.9494888888894
FDU22,OUT027,3581.930022222222
FDM28,OUT017,2778.4573777777778
NCL42,OUT046,3449.6577555555555
FDJ15,OUT019,392.8959777777778
FDI32,OUT018,1434.8729777777778
DRL11,OUT046,2228.5065777777777
DRO59,OUT018,1433.9852444444443
FDA07,OUT019,294.8014444444445
NCO53,OUT013,2649.9579777777776
FDO21,OUT045,3893.006577777778
FDW39,OUT045,2637.603688888889
NCV17,OUT013,1971.0639111111113
FDE22,OUT046,2443.929866666667
NCB06,OUT018,2113.915
DRF48,OUT017,2455.2484666666664
FDB05,OUT013,3979.708533333333
FDP28,OUT027,5985.098133333333
FDP23,OUT046,3071.557333333333
NCS41,OUT018,2729.927955555556
FDS40,OUT018,1048.7829555555556
FDA16,OUT017,4220.802111111111
FDN20,OUT035,2909.1021333333333
FDF04,OUT027,5853.491666666665
DRG36,OUT018,1962.408511111111
FDW16,OUT018,1246.0816888888887
FDU09,OUT017,1296.9044222222224
FDW01,OUT046,2486.9849333333336
FDB15,OUT045,3597.539333333333
NCJ17,OUT049,2553.047088888889
NCT18,OUT018,2055.9904
FDG16,OUT018,2825.581222222222
FDP27,OUT017,2378.0156666666667
FDQ44,OUT027,4004.7130222222227
FDL50,OUT027,3158.4072444444446
FDW57,OUT027,4048.2859333333327
FDS34,OUT013,2408.642466666666
NCV30,OUT035,1715.9885333333334
FDD26,OUT018,3141.1704222222224
FDA03,OUT045,2700.188888888889
FDS27,OUT018,2577.9776
FDM12,OUT013,2627.3947555555555
NCV42,OUT027,2585.3753777777774
NCS41,OUT046,2917.979466666666
FDN56,OUT018,1412.0878222222225
DRK59,OUT046,2881.8043333333335
NCG18,OUT046,1745.0618
NCN26,OUT017,2065.6075111111113
FDI60,OUT027,2519.0912888888893
NCI43,OUT049,1930.524088888889
NCL17,OUT049,2715.576266666667
FDQ19,OUT019,393.4138222222222
FDY43,OUT049,2356.932
FDR36,OUT049,912.6638444444444
FDJ58,OUT049,2398.8774
DRY23,OUT045,1236.5385555555556
FDK26,OUT027,4625.904422222223
DRH03,OUT045,1553.3853777777776
FDC10,OUT010,328.0914444444444
FDD23,OUT013,2798.4313777777775
FDP32,OUT045,2574.278711111111
FDO31,OUT035,1642.3066666666668
FDQ57,OUT013,1861.0589555555553
FDX32,OUT027,3825.9827111111113
FDC39,OUT027,5800.967444444444
FDU55,OUT046,3056.4658666666664
FDL45,OUT013,2565.1054666666664
DRK37,OUT049,2328.3765777777776
FDK22,OUT013,3046.4788666666664
DRG37,OUT027,5196.642977777778
FDK22,OUT017,4999.566177777778
DRH36,OUT018,1080.889311111111
DRC36,OUT018,1855.8805111111114
DRE03,OUT027,1802.246622222222
FDF34,OUT046,2960.516688888889
FDZ22,OUT046,1977.3520222222226
FDC44,OUT010,310.9286
FDN31,OUT027,5252.052333333333
FDO03,OUT017,2796.655911111111
FDA01,OUT049,944.9181555555556
NCH42,OUT049,4603.9330222222225
FDF46,OUT018,1872.8954
DRL35,OUT046,1858.1738222222225
FDW46,OUT049,1092.2079111111113
FDB58,OUT046,2057.7658666666666
FDD47,OUT018,2102.3004888888886
NCO17,OUT045,1980.0891999999997
FDJ26,OUT017,2978.3453333333327
FDU37,OUT045,1535.3348
